crim,zn,indus,chas,nox,rm,age,dis,rad,tax,ptratio,b,lstat,crim,zn,indus,chas,nox,rm,age,dis,rad,tax,ptratio,b,lstat,medv
0.00632,18,2.31,0,0.538,6.575,65.2,4.09,1,296,15.3,396.9,4.98,3.99424E-05,324,5.3361,0,0.289444,43.230625,4251.04,16.7281,1,87616,234.09,157529.61,24.8004,24
0.02731,0,7.07,0,0.469,6.421,78.9,4.9671,2,242,17.8,396.9,9.14,0.000745836,0,49.9849,0,0.219961,41.229241,6225.21,24.67208241,4,58564,316.84,157529.61,83.5396,21.6
0.02729,0,7.07,0,0.469,7.185,61.1,4.9671,2,242,17.8,392.83,4.03,0.000744744,0,49.9849,0,0.219961,51.624225,3733.21,24.67208241,4,58564,316.84,154315.4089,16.2409,34.7
0.03237,0,2.18,0,0.458,6.998,45.8,6.0622,3,222,18.7,394.63,2.94,0.001047817,0,4.7524,0,0.209764,48.972004,2097.64,36.75026884,9,49284,349.69,155732.8369,8.6436,33.4
0.06905,0,2.18,0,0.458,7.147,54.2,6.0622,3,222,18.7,396.9,5.33,0.004767903,0,4.7524,0,0.209764,51.079609,2937.64,36.75026884,9,49284,349.69,157529.61,28.4089,36.2
0.02985,0,2.18,0,0.458,6.43,58.7,6.0622,3,222,18.7,394.12,5.21,0.000891023,0,4.7524,0,0.209764,41.3449,3445.69,36.75026884,9,49284,349.69,155330.5744,27.1441,28.7
0.08829,12.5,7.87,0,0.524,6.012,66.6,5.5605,5,311,15.2,395.6,12.43,0.007795124,156.25,61.9369,0,0.274576,36.144144,4435.56,30.91916025,25,96721,231.04,156499.36,154.5049,22.9
0.14455,12.5,7.87,0,0.524,6.172,96.1,5.9505,5,311,15.2,396.9,19.15,0.020894703,156.25,61.9369,0,0.274576,38.093584,9235.21,35.40845025,25,96721,231.04,157529.61,366.7225,27.1
0.21124,12.5,7.87,0,0.524,5.631,100,6.0821,5,311,15.2,386.63,29.93,0.044622338,156.25,61.9369,0,0.274576,31.708161,10000,36.99194041,25,96721,231.04,149482.7569,895.8049,16.5
0.17004,12.5,7.87,0,0.524,6.004,85.9,6.5921,5,311,15.2,386.71,17.1,0.028913602,156.25,61.9369,0,0.274576,36.048016,7378.81,43.45578241,25,96721,231.04,149544.6241,292.41,18.9
0.22489,12.5,7.87,0,0.524,6.377,94.3,6.3467,5,311,15.2,392.52,20.45,0.050575512,156.25,61.9369,0,0.274576,40.666129,8892.49,40.28060089,25,96721,231.04,154071.9504,418.2025,15
0.11747,12.5,7.87,0,0.524,6.009,82.9,6.2267,5,311,15.2,396.9,13.27,0.013799201,156.25,61.9369,0,0.274576,36.108081,6872.41,38.77179289,25,96721,231.04,157529.61,176.0929,18.9
0.09378,12.5,7.87,0,0.524,5.889,39,5.4509,5,311,15.2,390.5,15.71,0.008794688,156.25,61.9369,0,0.274576,34.680321,1521,29.71231081,25,96721,231.04,152490.25,246.8041,21.7
0.62976,0,8.14,0,0.538,5.949,61.8,4.7075,4,307,21,396.9,8.26,0.396597658,0,66.2596,0,0.289444,35.390601,3819.24,22.16055625,16,94249,441,157529.61,68.2276,20.4
0.63796,0,8.14,0,0.538,6.096,84.5,4.4619,4,307,21,380.02,10.26,0.406992962,0,66.2596,0,0.289444,37.161216,7140.25,19.90855161,16,94249,441,144415.2004,105.2676,18.2
0.62739,0,8.14,0,0.538,5.834,56.5,4.4986,4,307,21,395.62,8.47,0.393618212,0,66.2596,0,0.289444,34.035556,3192.25,20.23740196,16,94249,441,156515.1844,71.7409,19.9
1.05393,0,8.14,0,0.538,5.935,29.3,4.4986,4,307,21,386.85,6.58,1.110768445,0,66.2596,0,0.289444,35.224225,858.49,20.23740196,16,94249,441,149652.9225,43.2964,23.1
0.7842,0,8.14,0,0.538,5.99,81.7,4.2579,4,307,21,386.75,14.67,0.61496964,0,66.2596,0,0.289444,35.8801,6674.89,18.12971241,16,94249,441,149575.5625,215.2089,17.5
0.80271,0,8.14,0,0.538,5.456,36.6,3.7965,4,307,21,288.99,11.69,0.644343344,0,66.2596,0,0.289444,29.767936,1339.56,14.41341225,16,94249,441,83515.2201,136.6561,20.2
0.7258,0,8.14,0,0.538,5.727,69.5,3.7965,4,307,21,390.95,11.28,0.52678564,0,66.2596,0,0.289444,32.798529,4830.25,14.41341225,16,94249,441,152841.9025,127.2384,18.2
1.25179,0,8.14,0,0.538,5.57,98.1,3.7979,4,307,21,376.57,21.02,1.566978204,0,66.2596,0,0.289444,31.0249,9623.61,14.42404441,16,94249,441,141804.9649,441.8404,13.6
0.85204,0,8.14,0,0.538,5.965,89.2,4.0123,4,307,21,392.53,13.83,0.725972162,0,66.2596,0,0.289444,35.581225,7956.64,16.09855129,16,94249,441,154079.8009,191.2689,19.6
1.23247,0,8.14,0,0.538,6.142,91.7,3.9769,4,307,21,396.9,18.72,1.518982301,0,66.2596,0,0.289444,37.724164,8408.89,15.81573361,16,94249,441,157529.61,350.4384,15.2
0.98843,0,8.14,0,0.538,5.813,100,4.0952,4,307,21,394.54,19.88,0.976993865,0,66.2596,0,0.289444,33.790969,10000,16.77066304,16,94249,441,155661.8116,395.2144,14.5
0.75026,0,8.14,0,0.538,5.924,94.1,4.3996,4,307,21,394.33,16.3,0.562890068,0,66.2596,0,0.289444,35.093776,8854.81,19.35648016,16,94249,441,155496.1489,265.69,15.6
0.84054,0,8.14,0,0.538,5.599,85.7,4.4546,4,307,21,303.42,16.51,0.706507492,0,66.2596,0,0.289444,31.348801,7344.49,19.84346116,16,94249,441,92063.6964,272.5801,13.9
0.67191,0,8.14,0,0.538,5.813,90.3,4.682,4,307,21,376.88,14.81,0.451463048,0,66.2596,0,0.289444,33.790969,8154.09,21.921124,16,94249,441,142038.5344,219.3361,16.6
0.95577,0,8.14,0,0.538,6.047,88.8,4.4534,4,307,21,306.38,17.28,0.913496293,0,66.2596,0,0.289444,36.566209,7885.44,19.83277156,16,94249,441,93868.7044,298.5984,14.8
0.77299,0,8.14,0,0.538,6.495,94.4,4.4547,4,307,21,387.94,12.8,0.59751354,0,66.2596,0,0.289444,42.185025,8911.36,19.84435209,16,94249,441,150497.4436,163.84,18.4
1.00245,0,8.14,0,0.538,6.674,87.3,4.239,4,307,21,380.23,11.98,1.004906003,0,66.2596,0,0.289444,44.542276,7621.29,17.969121,16,94249,441,144574.8529,143.5204,21
1.13081,0,8.14,0,0.538,5.713,94.1,4.233,4,307,21,360.17,22.6,1.278731256,0,66.2596,0,0.289444,32.638369,8854.81,17.918289,16,94249,441,129722.4289,510.76,12.7
1.35472,0,8.14,0,0.538,6.072,100,4.175,4,307,21,376.73,13.04,1.835266278,0,66.2596,0,0.289444,36.869184,10000,17.430625,16,94249,441,141925.4929,170.0416,14.5
1.38799,0,8.14,0,0.538,5.95,82,3.99,4,307,21,232.6,27.71,1.92651624,0,66.2596,0,0.289444,35.4025,6724,15.9201,16,94249,441,54102.76,767.8441,13.2
1.15172,0,8.14,0,0.538,5.701,95,3.7872,4,307,21,358.77,18.35,1.326458958,0,66.2596,0,0.289444,32.501401,9025,14.34288384,16,94249,441,128715.9129,336.7225,13.1
1.61282,0,8.14,0,0.538,6.096,96.9,3.7598,4,307,21,248.31,20.34,2.601188352,0,66.2596,0,0.289444,37.161216,9389.61,14.13609604,16,94249,441,61657.8561,413.7156,13.5
0.06417,0,5.96,0,0.499,5.933,68.2,3.3603,5,279,19.2,396.9,9.68,0.004117789,0,35.5216,0,0.249001,35.200489,4651.24,11.29161609,25,77841,368.64,157529.61,93.7024,18.9
0.09744,0,5.96,0,0.499,5.841,61.4,3.3779,5,279,19.2,377.56,11.41,0.009494554,0,35.5216,0,0.249001,34.117281,3769.96,11.41020841,25,77841,368.64,142551.5536,130.1881,20
0.08014,0,5.96,0,0.499,5.85,41.5,3.9342,5,279,19.2,396.9,8.77,0.00642242,0,35.5216,0,0.249001,34.2225,1722.25,15.47792964,25,77841,368.64,157529.61,76.9129,21
0.17505,0,5.96,0,0.499,5.966,30.2,3.8473,5,279,19.2,393.43,10.13,0.030642503,0,35.5216,0,0.249001,35.593156,912.04,14.80171729,25,77841,368.64,154787.1649,102.6169,24.7
0.02763,75,2.95,0,0.428,6.595,21.8,5.4011,3,252,18.3,395.63,4.32,0.000763417,5625,8.7025,0,0.183184,43.494025,475.24,29.17188121,9,63504,334.89,156523.0969,18.6624,30.8
0.03359,75,2.95,0,0.428,7.024,15.8,5.4011,3,252,18.3,395.62,1.98,0.001128288,5625,8.7025,0,0.183184,49.336576,249.64,29.17188121,9,63504,334.89,156515.1844,3.9204,34.9
0.12744,0,6.91,0,0.448,6.77,2.9,5.7209,3,233,17.9,385.41,4.84,0.016240954,0,47.7481,0,0.200704,45.8329,8.41,32.72869681,9,54289,320.41,148540.8681,23.4256,26.6
0.1415,0,6.91,0,0.448,6.169,6.6,5.7209,3,233,17.9,383.37,5.81,0.02002225,0,47.7481,0,0.200704,38.056561,43.56,32.72869681,9,54289,320.41,146972.5569,33.7561,25.3
0.15936,0,6.91,0,0.448,6.211,6.5,5.7209,3,233,17.9,394.46,7.44,0.02539561,0,47.7481,0,0.200704,38.576521,42.25,32.72869681,9,54289,320.41,155598.6916,55.3536,24.7
0.12269,0,6.91,0,0.448,6.069,40,5.7209,3,233,17.9,389.39,9.55,0.015052836,0,47.7481,0,0.200704,36.832761,1600,32.72869681,9,54289,320.41,151624.5721,91.2025,21.2
0.17142,0,6.91,0,0.448,5.682,33.8,5.1004,3,233,17.9,396.9,10.21,0.029384816,0,47.7481,0,0.200704,32.285124,1142.44,26.01408016,9,54289,320.41,157529.61,104.2441,19.3
0.18836,0,6.91,0,0.448,5.786,33.3,5.1004,3,233,17.9,396.9,14.15,0.03547949,0,47.7481,0,0.200704,33.477796,1108.89,26.01408016,9,54289,320.41,157529.61,200.2225,20
0.22927,0,6.91,0,0.448,6.03,85.5,5.6894,3,233,17.9,392.74,18.8,0.052564733,0,47.7481,0,0.200704,36.3609,7310.25,32.36927236,9,54289,320.41,154244.7076,353.44,16.6
0.25387,0,6.91,0,0.448,5.399,95.3,5.87,3,233,17.9,396.9,30.81,0.064449977,0,47.7481,0,0.200704,29.149201,9082.09,34.4569,9,54289,320.41,157529.61,949.2561,14.4
0.21977,0,6.91,0,0.448,5.602,62,6.0877,3,233,17.9,396.9,16.2,0.048298853,0,47.7481,0,0.200704,31.382404,3844,37.06009129,9,54289,320.41,157529.61,262.44,19.4
0.08873,21,5.64,0,0.439,5.963,45.7,6.8147,4,243,16.8,395.56,13.45,0.007873013,441,31.8096,0,0.192721,35.557369,2088.49,46.44013609,16,59049,282.24,156467.7136,180.9025,19.7
0.04337,21,5.64,0,0.439,6.115,63,6.8147,4,243,16.8,393.97,9.43,0.001880957,441,31.8096,0,0.192721,37.393225,3969,46.44013609,16,59049,282.24,155212.3609,88.9249,20.5
0.0536,21,5.64,0,0.439,6.511,21.1,6.8147,4,243,16.8,396.9,5.28,0.00287296,441,31.8096,0,0.192721,42.393121,445.21,46.44013609,16,59049,282.24,157529.61,27.8784,25
0.04981,21,5.64,0,0.439,5.998,21.4,6.8147,4,243,16.8,396.9,8.43,0.002481036,441,31.8096,0,0.192721,35.976004,457.96,46.44013609,16,59049,282.24,157529.61,71.0649,23.4
0.0136,75,4,0,0.41,5.888,47.6,7.3197,3,469,21.1,396.9,14.8,0.00018496,5625,16,0,0.1681,34.668544,2265.76,53.57800809,9,219961,445.21,157529.61,219.04,18.9
0.01311,90,1.22,0,0.403,7.249,21.9,8.6966,5,226,17.9,395.93,4.81,0.000171872,8100,1.4884,0,0.162409,52.548001,479.61,75.63085156,25,51076,320.41,156760.5649,23.1361,35.4
0.02055,85,0.74,0,0.41,6.383,35.7,9.1876,2,313,17.3,396.9,5.77,0.000422303,7225,0.5476,0,0.1681,40.742689,1274.49,84.41199376,4,97969,299.29,157529.61,33.2929,24.7
0.01432,100,1.32,0,0.411,6.816,40.5,8.3248,5,256,15.1,392.9,3.95,0.000205062,10000,1.7424,0,0.168921,46.457856,1640.25,69.30229504,25,65536,228.01,154370.41,15.6025,31.6
0.15445,25,5.13,0,0.453,6.145,29.2,7.8148,8,284,19.7,390.68,6.86,0.023854803,625,26.3169,0,0.205209,37.761025,852.64,61.07109904,64,80656,388.09,152630.8624,47.0596,23.3
0.10328,25,5.13,0,0.453,5.927,47.2,6.932,8,284,19.7,396.9,9.22,0.010666758,625,26.3169,0,0.205209,35.129329,2227.84,48.052624,64,80656,388.09,157529.61,85.0084,19.6
0.14932,25,5.13,0,0.453,5.741,66.2,7.2254,8,284,19.7,395.11,13.15,0.022296462,625,26.3169,0,0.205209,32.959081,4382.44,52.20640516,64,80656,388.09,156111.9121,172.9225,18.7
0.17171,25,5.13,0,0.453,5.966,93.4,6.8185,8,284,19.7,378.08,14.44,0.029484324,625,26.3169,0,0.205209,35.593156,8723.56,46.49194225,64,80656,388.09,142944.4864,208.5136,16
0.11027,25,5.13,0,0.453,6.456,67.8,7.2255,8,284,19.7,396.9,6.73,0.012159473,625,26.3169,0,0.205209,41.679936,4596.84,52.20785025,64,80656,388.09,157529.61,45.2929,22.2
0.1265,25,5.13,0,0.453,6.762,43.4,7.9809,8,284,19.7,395.58,9.5,0.01600225,625,26.3169,0,0.205209,45.724644,1883.56,63.69476481,64,80656,388.09,156483.5364,90.25,25
0.01951,17.5,1.38,0,0.4161,7.104,59.5,9.2229,3,216,18.6,393.24,8.05,0.00038064,306.25,1.9044,0,0.17313921,50.466816,3540.25,85.06188441,9,46656,345.96,154637.6976,64.8025,33
0.03584,80,3.37,0,0.398,6.29,17.8,6.6115,4,337,16.1,396.9,4.67,0.001284506,6400,11.3569,0,0.158404,39.5641,316.84,43.71193225,16,113569,259.21,157529.61,21.8089,23.5
0.04379,80,3.37,0,0.398,5.787,31.1,6.6115,4,337,16.1,396.9,10.24,0.001917564,6400,11.3569,0,0.158404,33.489369,967.21,43.71193225,16,113569,259.21,157529.61,104.8576,19.4
0.05789,12.5,6.07,0,0.409,5.878,21.4,6.498,4,345,18.9,396.21,8.1,0.003351252,156.25,36.8449,0,0.167281,34.550884,457.96,42.224004,16,119025,357.21,156982.3641,65.61,22
0.13554,12.5,6.07,0,0.409,5.594,36.8,6.498,4,345,18.9,396.9,13.09,0.018371092,156.25,36.8449,0,0.167281,31.292836,1354.24,42.224004,16,119025,357.21,157529.61,171.3481,17.4
0.12816,12.5,6.07,0,0.409,5.885,33,6.498,4,345,18.9,396.9,8.79,0.016424986,156.25,36.8449,0,0.167281,34.633225,1089,42.224004,16,119025,357.21,157529.61,77.2641,20.9
0.08826,0,10.81,0,0.413,6.417,6.6,5.2873,4,305,19.2,383.73,6.72,0.007789828,0,116.8561,0,0.170569,41.177889,43.56,27.95554129,16,93025,368.64,147248.7129,45.1584,24.2
0.15876,0,10.81,0,0.413,5.961,17.5,5.2873,4,305,19.2,376.94,9.88,0.025204738,0,116.8561,0,0.170569,35.533521,306.25,27.95554129,16,93025,368.64,142083.7636,97.6144,21.7
0.09164,0,10.81,0,0.413,6.065,7.8,5.2873,4,305,19.2,390.91,5.52,0.00839789,0,116.8561,0,0.170569,36.784225,60.84,27.95554129,16,93025,368.64,152810.6281,30.4704,22.8
0.19539,0,10.81,0,0.413,6.245,6.2,5.2873,4,305,19.2,377.17,7.54,0.038177252,0,116.8561,0,0.170569,39.000025,38.44,27.95554129,16,93025,368.64,142257.2089,56.8516,23.4
0.07896,0,12.83,0,0.437,6.273,6,4.2515,5,398,18.7,394.92,6.78,0.006234682,0,164.6089,0,0.190969,39.350529,36,18.07525225,25,158404,349.69,155961.8064,45.9684,24.1
0.09512,0,12.83,0,0.437,6.286,45,4.5026,5,398,18.7,383.23,8.94,0.009047814,0,164.6089,0,0.190969,39.513796,2025,20.27340676,25,158404,349.69,146865.2329,79.9236,21.4
0.10153,0,12.83,0,0.437,6.279,74.5,4.0522,5,398,18.7,373.66,11.97,0.010308341,0,164.6089,0,0.190969,39.425841,5550.25,16.42032484,25,158404,349.69,139621.7956,143.2809,20
0.08707,0,12.83,0,0.437,6.14,45.8,4.0905,5,398,18.7,386.96,10.27,0.007581185,0,164.6089,0,0.190969,37.6996,2097.64,16.73219025,25,158404,349.69,149738.0416,105.4729,20.8
0.05646,0,12.83,0,0.437,6.232,53.7,5.0141,5,398,18.7,386.4,12.34,0.003187732,0,164.6089,0,0.190969,38.837824,2883.69,25.14119881,25,158404,349.69,149304.96,152.2756,21.2
0.08387,0,12.83,0,0.437,5.874,36.6,4.5026,5,398,18.7,396.06,9.1,0.007034177,0,164.6089,0,0.190969,34.503876,1339.56,20.27340676,25,158404,349.69,156863.5236,82.81,20.3
0.04113,25,4.86,0,0.426,6.727,33.5,5.4007,4,281,19,396.9,5.29,0.001691677,625,23.6196,0,0.181476,45.252529,1122.25,29.16756049,16,78961,361,157529.61,27.9841,28
0.04462,25,4.86,0,0.426,6.619,70.4,5.4007,4,281,19,395.63,7.22,0.001990944,625,23.6196,0,0.181476,43.811161,4956.16,29.16756049,16,78961,361,156523.0969,52.1284,23.9
0.03659,25,4.86,0,0.426,6.302,32.2,5.4007,4,281,19,396.9,6.72,0.001338828,625,23.6196,0,0.181476,39.715204,1036.84,29.16756049,16,78961,361,157529.61,45.1584,24.8
0.03551,25,4.86,0,0.426,6.167,46.7,5.4007,4,281,19,390.64,7.51,0.00126096,625,23.6196,0,0.181476,38.031889,2180.89,29.16756049,16,78961,361,152599.6096,56.4001,22.9
0.05059,0,4.49,0,0.449,6.389,48,4.7794,3,247,18.5,396.9,9.62,0.002559348,0,20.1601,0,0.201601,40.819321,2304,22.84266436,9,61009,342.25,157529.61,92.5444,23.9
0.05735,0,4.49,0,0.449,6.63,56.1,4.4377,3,247,18.5,392.3,6.53,0.003289023,0,20.1601,0,0.201601,43.9569,3147.21,19.69318129,9,61009,342.25,153899.29,42.6409,26.6
0.05188,0,4.49,0,0.449,6.015,45.1,4.4272,3,247,18.5,395.99,12.86,0.002691534,0,20.1601,0,0.201601,36.180225,2034.01,19.60009984,9,61009,342.25,156808.0801,165.3796,22.5
0.07151,0,4.49,0,0.449,6.121,56.8,3.7476,3,247,18.5,395.15,8.44,0.00511368,0,20.1601,0,0.201601,37.466641,3226.24,14.04450576,9,61009,342.25,156143.5225,71.2336,22.2
0.0566,0,3.41,0,0.489,7.007,86.3,3.4217,2,270,17.8,396.9,5.5,0.00320356,0,11.6281,0,0.239121,49.098049,7447.69,11.70803089,4,72900,316.84,157529.61,30.25,23.6
0.05302,0,3.41,0,0.489,7.079,63.1,3.4145,2,270,17.8,396.06,5.7,0.00281112,0,11.6281,0,0.239121,50.112241,3981.61,11.65881025,4,72900,316.84,156863.5236,32.49,28.7
0.04684,0,3.41,0,0.489,6.417,66.1,3.0923,2,270,17.8,392.18,8.81,0.002193986,0,11.6281,0,0.239121,41.177889,4369.21,9.56231929,4,72900,316.84,153805.1524,77.6161,22.6
0.03932,0,3.41,0,0.489,6.405,73.9,3.0921,2,270,17.8,393.55,8.2,0.001546062,0,11.6281,0,0.239121,41.024025,5461.21,9.56108241,4,72900,316.84,154881.6025,67.24,22
0.04203,28,15.04,0,0.464,6.442,53.6,3.6659,4,270,18.2,395.01,8.16,0.001766521,784,226.2016,0,0.215296,41.499364,2872.96,13.43882281,16,72900,331.24,156032.9001,66.5856,22.9
0.02875,28,15.04,0,0.464,6.211,28.9,3.6659,4,270,18.2,396.33,6.21,0.000826563,784,226.2016,0,0.215296,38.576521,835.21,13.43882281,16,72900,331.24,157077.4689,38.5641,25
0.04294,28,15.04,0,0.464,6.249,77.3,3.615,4,270,18.2,396.9,10.59,0.001843844,784,226.2016,0,0.215296,39.050001,5975.29,13.068225,16,72900,331.24,157529.61,112.1481,20.6
0.12204,0,2.89,0,0.445,6.625,57.8,3.4952,2,276,18,357.98,6.65,0.014893762,0,8.3521,0,0.198025,43.890625,3340.84,12.21642304,4,76176,324,128149.6804,44.2225,28.4
0.11504,0,2.89,0,0.445,6.163,69.6,3.4952,2,276,18,391.83,11.34,0.013234202,0,8.3521,0,0.198025,37.982569,4844.16,12.21642304,4,76176,324,153530.7489,128.5956,21.4
0.12083,0,2.89,0,0.445,8.069,76,3.4952,2,276,18,396.9,4.21,0.014599889,0,8.3521,0,0.198025,65.108761,5776,12.21642304,4,76176,324,157529.61,17.7241,38.7
0.08187,0,2.89,0,0.445,7.82,36.9,3.4952,2,276,18,393.53,3.57,0.006702697,0,8.3521,0,0.198025,61.1524,1361.61,12.21642304,4,76176,324,154865.8609,12.7449,43.8
0.0686,0,2.89,0,0.445,7.416,62.5,3.4952,2,276,18,396.9,6.19,0.00470596,0,8.3521,0,0.198025,54.997056,3906.25,12.21642304,4,76176,324,157529.61,38.3161,33.2
0.14866,0,8.56,0,0.52,6.727,79.9,2.7778,5,384,20.9,394.76,9.42,0.022099796,0,73.2736,0,0.2704,45.252529,6384.01,7.71617284,25,147456,436.81,155835.4576,88.7364,27.5
0.11432,0,8.56,0,0.52,6.781,71.3,2.8561,5,384,20.9,395.58,7.67,0.013069062,0,73.2736,0,0.2704,45.981961,5083.69,8.15730721,25,147456,436.81,156483.5364,58.8289,26.5
0.22876,0,8.56,0,0.52,6.405,85.4,2.7147,5,384,20.9,70.8,10.63,0.052331138,0,73.2736,0,0.2704,41.024025,7293.16,7.36959609,25,147456,436.81,5012.64,112.9969,18.6
0.21161,0,8.56,0,0.52,6.137,87.4,2.7147,5,384,20.9,394.47,13.44,0.044778792,0,73.2736,0,0.2704,37.662769,7638.76,7.36959609,25,147456,436.81,155606.5809,180.6336,19.3
0.1396,0,8.56,0,0.52,6.167,90,2.421,5,384,20.9,392.69,12.33,0.01948816,0,73.2736,0,0.2704,38.031889,8100,5.861241,25,147456,436.81,154205.4361,152.0289,20.1
0.13262,0,8.56,0,0.52,5.851,96.7,2.1069,5,384,20.9,394.05,16.47,0.017588064,0,73.2736,0,0.2704,34.234201,9350.89,4.43902761,25,147456,436.81,155275.4025,271.2609,19.5
0.1712,0,8.56,0,0.52,5.836,91.9,2.211,5,384,20.9,395.67,18.66,0.02930944,0,73.2736,0,0.2704,34.058896,8445.61,4.888521,25,147456,436.81,156554.7489,348.1956,19.5
0.13117,0,8.56,0,0.52,6.127,85.2,2.1224,5,384,20.9,387.69,14.09,0.017205569,0,73.2736,0,0.2704,37.540129,7259.04,4.50458176,25,147456,436.81,150303.5361,198.5281,20.4
0.12802,0,8.56,0,0.52,6.474,97.1,2.4329,5,384,20.9,395.24,12.27,0.01638912,0,73.2736,0,0.2704,41.912676,9428.41,5.91900241,25,147456,436.81,156214.6576,150.5529,19.8
0.26363,0,8.56,0,0.52,6.229,91.2,2.5451,5,384,20.9,391.23,15.55,0.069500777,0,73.2736,0,0.2704,38.800441,8317.44,6.47753401,25,147456,436.81,153060.9129,241.8025,19.4
0.10793,0,8.56,0,0.52,6.195,54.4,2.7778,5,384,20.9,393.49,13,0.011648885,0,73.2736,0,0.2704,38.378025,2959.36,7.71617284,25,147456,436.81,154834.3801,169,21.7
0.10084,0,10.01,0,0.547,6.715,81.6,2.6775,6,432,17.8,395.59,10.16,0.010168706,0,100.2001,0,0.299209,45.091225,6658.56,7.16900625,36,186624,316.84,156491.4481,103.2256,22.8
0.12329,0,10.01,0,0.547,5.913,92.9,2.3534,6,432,17.8,394.95,16.21,0.015200424,0,100.2001,0,0.299209,34.963569,8630.41,5.53849156,36,186624,316.84,155985.5025,262.7641,18.8
0.22212,0,10.01,0,0.547,6.092,95.4,2.548,6,432,17.8,396.9,17.09,0.049337294,0,100.2001,0,0.299209,37.112464,9101.16,6.492304,36,186624,316.84,157529.61,292.0681,18.7
0.14231,0,10.01,0,0.547,6.254,84.2,2.2565,6,432,17.8,388.74,10.45,0.020252136,0,100.2001,0,0.299209,39.112516,7089.64,5.09179225,36,186624,316.84,151118.7876,109.2025,18.5
0.17134,0,10.01,0,0.547,5.928,88.2,2.4631,6,432,17.8,344.91,15.76,0.029357396,0,100.2001,0,0.299209,35.141184,7779.24,6.06686161,36,186624,316.84,118962.9081,248.3776,18.3
0.13158,0,10.01,0,0.547,6.176,72.5,2.7301,6,432,17.8,393.3,12.04,0.017313296,0,100.2001,0,0.299209,38.142976,5256.25,7.45344601,36,186624,316.84,154684.89,144.9616,21.2
0.15098,0,10.01,0,0.547,6.021,82.6,2.7474,6,432,17.8,394.51,10.3,0.02279496,0,100.2001,0,0.299209,36.252441,6822.76,7.54820676,36,186624,316.84,155638.1401,106.09,19.2
0.13058,0,10.01,0,0.547,5.872,73.1,2.4775,6,432,17.8,338.63,15.37,0.017051136,0,100.2001,0,0.299209,34.480384,5343.61,6.13800625,36,186624,316.84,114670.2769,236.2369,20.4
0.14476,0,10.01,0,0.547,5.731,65.2,2.7592,6,432,17.8,391.5,13.61,0.020955458,0,100.2001,0,0.299209,32.844361,4251.04,7.61318464,36,186624,316.84,153272.25,185.2321,19.3
0.06899,0,25.65,0,0.581,5.87,69.7,2.2577,2,188,19.1,389.15,14.37,0.00475962,0,657.9225,0,0.337561,34.4569,4858.09,5.09720929,4,35344,364.81,151437.7225,206.4969,22
0.07165,0,25.65,0,0.581,6.004,84.1,2.1974,2,188,19.1,377.67,14.27,0.005133723,0,657.9225,0,0.337561,36.048016,7072.81,4.82856676,4,35344,364.81,142634.6289,203.6329,20.3
0.09299,0,25.65,0,0.581,5.961,92.9,2.0869,2,188,19.1,378.09,17.93,0.00864714,0,657.9225,0,0.337561,35.533521,8630.41,4.35515161,4,35344,364.81,142952.0481,321.4849,20.5
0.15038,0,25.65,0,0.581,5.856,97,1.9444,2,188,19.1,370.31,25.41,0.022614144,0,657.9225,0,0.337561,34.292736,9409,3.78069136,4,35344,364.81,137129.4961,645.6681,17.3
0.09849,0,25.65,0,0.581,5.879,95.8,2.0063,2,188,19.1,379.38,17.58,0.00970028,0,657.9225,0,0.337561,34.562641,9177.64,4.02523969,4,35344,364.81,143929.1844,309.0564,18.8
0.16902,0,25.65,0,0.581,5.986,88.4,1.9929,2,188,19.1,385.02,14.81,0.02856776,0,657.9225,0,0.337561,35.832196,7814.56,3.97165041,4,35344,364.81,148240.4004,219.3361,21.4
0.38735,0,25.65,0,0.581,5.613,95.6,1.7572,2,188,19.1,359.29,27.26,0.150040023,0,657.9225,0,0.337561,31.505769,9139.36,3.08775184,4,35344,364.81,129089.3041,743.1076,15.7
0.25915,0,21.89,0,0.624,5.693,96,1.7883,4,437,21.2,392.11,17.19,0.067158723,0,479.1721,0,0.389376,32.410249,9216,3.19801689,16,190969,449.44,153750.2521,295.4961,16.2
0.32543,0,21.89,0,0.624,6.431,98.8,1.8125,4,437,21.2,396.9,15.39,0.105904685,0,479.1721,0,0.389376,41.357761,9761.44,3.28515625,16,190969,449.44,157529.61,236.8521,18
0.88125,0,21.89,0,0.624,5.637,94.7,1.9799,4,437,21.2,396.9,18.34,0.776601563,0,479.1721,0,0.389376,31.775769,8968.09,3.92000401,16,190969,449.44,157529.61,336.3556,14.3
0.34006,0,21.89,0,0.624,6.458,98.9,2.1185,4,437,21.2,395.04,12.6,0.115640804,0,479.1721,0,0.389376,41.705764,9781.21,4.48804225,16,190969,449.44,156056.6016,158.76,19.2
1.19294,0,21.89,0,0.624,6.326,97.7,2.271,4,437,21.2,396.9,12.26,1.423105844,0,479.1721,0,0.389376,40.018276,9545.29,5.157441,16,190969,449.44,157529.61,150.3076,19.6
0.59005,0,21.89,0,0.624,6.372,97.9,2.3274,4,437,21.2,385.76,11.12,0.348159003,0,479.1721,0,0.389376,40.602384,9584.41,5.41679076,16,190969,449.44,148810.7776,123.6544,23
0.32982,0,21.89,0,0.624,5.822,95.4,2.4699,4,437,21.2,388.69,15.03,0.108781232,0,479.1721,0,0.389376,33.895684,9101.16,6.10040601,16,190969,449.44,151079.9161,225.9009,18.4
0.97617,0,21.89,0,0.624,5.757,98.4,2.346,4,437,21.2,262.76,17.31,0.952907869,0,479.1721,0,0.389376,33.143049,9682.56,5.503716,16,190969,449.44,69042.8176,299.6361,15.6
0.55778,0,21.89,0,0.624,6.335,98.2,2.1107,4,437,21.2,394.67,16.96,0.311118528,0,479.1721,0,0.389376,40.132225,9643.24,4.45505449,16,190969,449.44,155764.4089,287.6416,18.1
0.32264,0,21.89,0,0.624,5.942,93.5,1.9669,4,437,21.2,378.25,16.9,0.10409657,0,479.1721,0,0.389376,35.307364,8742.25,3.86869561,16,190969,449.44,143073.0625,285.61,17.4
0.35233,0,21.89,0,0.624,6.454,98.4,1.8498,4,437,21.2,394.08,14.59,0.124136429,0,479.1721,0,0.389376,41.654116,9682.56,3.42176004,16,190969,449.44,155299.0464,212.8681,17.1
0.2498,0,21.89,0,0.624,5.857,98.2,1.6686,4,437,21.2,392.04,21.32,0.06240004,0,479.1721,0,0.389376,34.304449,9643.24,2.78422596,16,190969,449.44,153695.3616,454.5424,13.3
0.54452,0,21.89,0,0.624,6.151,97.9,1.6687,4,437,21.2,396.9,18.46,0.29650203,0,479.1721,0,0.389376,37.834801,9584.41,2.78455969,16,190969,449.44,157529.61,340.7716,17.8
0.2909,0,21.89,0,0.624,6.174,93.6,1.6119,4,437,21.2,388.08,24.16,0.08462281,0,479.1721,0,0.389376,38.118276,8760.96,2.59822161,16,190969,449.44,150606.0864,583.7056,14
1.62864,0,21.89,0,0.624,5.019,100,1.4394,4,437,21.2,396.9,34.41,2.65246825,0,479.1721,0,0.389376,25.190361,10000,2.07187236,16,190969,449.44,157529.61,1184.0481,14.4
3.32105,0,19.58,1,0.871,5.403,100,1.3216,5,403,14.7,396.9,26.82,11.0293731,0,383.3764,1,0.758641,29.192409,10000,1.74662656,25,162409,216.09,157529.61,719.3124,13.4
4.0974,0,19.58,0,0.871,5.468,100,1.4118,5,403,14.7,396.9,26.42,16.78868676,0,383.3764,0,0.758641,29.899024,10000,1.99317924,25,162409,216.09,157529.61,698.0164,15.6
2.77974,0,19.58,0,0.871,4.903,97.8,1.3459,5,403,14.7,396.9,29.29,7.726954468,0,383.3764,0,0.758641,24.039409,9564.84,1.81144681,25,162409,216.09,157529.61,857.9041,11.8
2.37934,0,19.58,0,0.871,6.13,100,1.4191,5,403,14.7,172.91,27.8,5.661258836,0,383.3764,0,0.758641,37.5769,10000,2.01384481,25,162409,216.09,29897.8681,772.84,13.8
2.15505,0,19.58,0,0.871,5.628,100,1.5166,5,403,14.7,169.27,16.65,4.644240503,0,383.3764,0,0.758641,31.674384,10000,2.30007556,25,162409,216.09,28652.3329,277.2225,15.6
2.36862,0,19.58,0,0.871,4.926,95.7,1.4608,5,403,14.7,391.71,29.53,5.610360704,0,383.3764,0,0.758641,24.265476,9158.49,2.13393664,25,162409,216.09,153436.7241,872.0209,14.6
2.33099,0,19.58,0,0.871,5.186,93.8,1.5296,5,403,14.7,356.99,28.32,5.43351438,0,383.3764,0,0.758641,26.894596,8798.44,2.33967616,25,162409,216.09,127441.8601,802.0224,17.8
2.73397,0,19.58,0,0.871,5.597,94.9,1.5257,5,403,14.7,351.85,21.45,7.474591961,0,383.3764,0,0.758641,31.326409,9006.01,2.32776049,25,162409,216.09,123798.4225,460.1025,15.4
1.6566,0,19.58,0,0.871,6.122,97.3,1.618,5,403,14.7,372.8,14.1,2.74432356,0,383.3764,0,0.758641,37.478884,9467.29,2.617924,25,162409,216.09,138979.84,198.81,21.5
1.49632,0,19.58,0,0.871,5.404,100,1.5916,5,403,14.7,341.6,13.28,2.238973542,0,383.3764,0,0.758641,29.203216,10000,2.53319056,25,162409,216.09,116690.56,176.3584,19.6
1.12658,0,19.58,1,0.871,5.012,88,1.6102,5,403,14.7,343.28,12.12,1.269182496,0,383.3764,1,0.758641,25.120144,7744,2.59274404,25,162409,216.09,117841.1584,146.8944,15.3
2.14918,0,19.58,0,0.871,5.709,98.5,1.6232,5,403,14.7,261.95,15.79,4.618974672,0,383.3764,0,0.758641,32.592681,9702.25,2.63477824,25,162409,216.09,68617.8025,249.3241,19.4
1.41385,0,19.58,1,0.871,6.129,96,1.7494,5,403,14.7,321.02,15.12,1.998971823,0,383.3764,1,0.758641,37.564641,9216,3.06040036,25,162409,216.09,103053.8404,228.6144,17
3.53501,0,19.58,1,0.871,6.152,82.6,1.7455,5,403,14.7,88.01,15.02,12.4962957,0,383.3764,1,0.758641,37.847104,6822.76,3.04677025,25,162409,216.09,7745.7601,225.6004,15.6
2.44668,0,19.58,0,0.871,5.272,94,1.7364,5,403,14.7,88.63,16.14,5.986243022,0,383.3764,0,0.758641,27.793984,8836,3.01508496,25,162409,216.09,7855.2769,260.4996,13.1
1.22358,0,19.58,0,0.605,6.943,97.4,1.8773,5,403,14.7,363.43,4.59,1.497148016,0,383.3764,0,0.366025,48.205249,9486.76,3.52425529,25,162409,216.09,132081.3649,21.0681,41.3
1.34284,0,19.58,0,0.605,6.066,100,1.7573,5,403,14.7,353.89,6.43,1.803219266,0,383.3764,0,0.366025,36.796356,10000,3.08810329,25,162409,216.09,125238.1321,41.3449,24.3
1.42502,0,19.58,0,0.871,6.51,100,1.7659,5,403,14.7,364.31,7.39,2.030682,0,383.3764,0,0.758641,42.3801,10000,3.11840281,25,162409,216.09,132721.7761,54.6121,23.3
1.27346,0,19.58,1,0.605,6.25,92.6,1.7984,5,403,14.7,338.92,5.5,1.621700372,0,383.3764,1,0.366025,39.0625,8574.76,3.23424256,25,162409,216.09,114866.7664,30.25,27
1.46336,0,19.58,0,0.605,7.489,90.8,1.9709,5,403,14.7,374.43,1.73,2.14142249,0,383.3764,0,0.366025,56.085121,8244.64,3.88444681,25,162409,216.09,140197.8249,2.9929,50
1.83377,0,19.58,1,0.605,7.802,98.2,2.0407,5,403,14.7,389.61,1.92,3.362712413,0,383.3764,1,0.366025,60.871204,9643.24,4.16445649,25,162409,216.09,151795.9521,3.6864,50
1.51902,0,19.58,1,0.605,8.375,93.9,2.162,5,403,14.7,388.45,3.32,2.30742176,0,383.3764,1,0.366025,70.140625,8817.21,4.674244,25,162409,216.09,150893.4025,11.0224,50
2.24236,0,19.58,0,0.605,5.854,91.8,2.422,5,403,14.7,395.11,11.64,5.02817837,0,383.3764,0,0.366025,34.269316,8427.24,5.866084,25,162409,216.09,156111.9121,135.4896,22.7
2.924,0,19.58,0,0.605,6.101,93,2.2834,5,403,14.7,240.16,9.81,8.549776,0,383.3764,0,0.366025,37.222201,8649,5.21391556,25,162409,216.09,57676.8256,96.2361,25
2.01019,0,19.58,0,0.605,7.929,96.2,2.0459,5,403,14.7,369.3,3.7,4.040863836,0,383.3764,0,0.366025,62.869041,9254.44,4.18570681,25,162409,216.09,136382.49,13.69,50
1.80028,0,19.58,0,0.605,5.877,79.2,2.4259,5,403,14.7,227.61,12.14,3.241008078,0,383.3764,0,0.366025,34.539129,6272.64,5.88499081,25,162409,216.09,51806.3121,147.3796,23.8
2.3004,0,19.58,0,0.605,6.319,96.1,2.1,5,403,14.7,297.09,11.1,5.29184016,0,383.3764,0,0.366025,39.929761,9235.21,4.41,25,162409,216.09,88262.4681,123.21,23.8
2.44953,0,19.58,0,0.605,6.402,95.2,2.2625,5,403,14.7,330.04,11.32,6.000197221,0,383.3764,0,0.366025,40.985604,9063.04,5.11890625,25,162409,216.09,108926.4016,128.1424,22.3
1.20742,0,19.58,0,0.605,5.875,94.6,2.4259,5,403,14.7,292.29,14.43,1.457863056,0,383.3764,0,0.366025,34.515625,8949.16,5.88499081,25,162409,216.09,85433.4441,208.2249,17.4
2.3139,0,19.58,0,0.605,5.88,97.3,2.3887,5,403,14.7,348.13,12.03,5.35413321,0,383.3764,0,0.366025,34.5744,9467.29,5.70588769,25,162409,216.09,121194.4969,144.7209,19.1
0.13914,0,4.05,0,0.51,5.572,88.5,2.5961,5,296,16.6,396.9,14.69,0.01935994,0,16.4025,0,0.2601,31.047184,7832.25,6.73973521,25,87616,275.56,157529.61,215.7961,23.1
0.09178,0,4.05,0,0.51,6.416,84.1,2.6463,5,296,16.6,395.5,9.04,0.008423568,0,16.4025,0,0.2601,41.165056,7072.81,7.00290369,25,87616,275.56,156420.25,81.7216,23.6
0.08447,0,4.05,0,0.51,5.859,68.7,2.7019,5,296,16.6,393.23,9.64,0.007135181,0,16.4025,0,0.2601,34.327881,4719.69,7.30026361,25,87616,275.56,154629.8329,92.9296,22.6
0.06664,0,4.05,0,0.51,6.546,33.1,3.1323,5,296,16.6,390.96,5.33,0.00444089,0,16.4025,0,0.2601,42.850116,1095.61,9.81130329,25,87616,275.56,152849.7216,28.4089,29.4
0.07022,0,4.05,0,0.51,6.02,47.2,3.5549,5,296,16.6,393.23,10.11,0.004930848,0,16.4025,0,0.2601,36.2404,2227.84,12.63731401,25,87616,275.56,154629.8329,102.2121,23.2
0.05425,0,4.05,0,0.51,6.315,73.4,3.3175,5,296,16.6,395.6,6.29,0.002943063,0,16.4025,0,0.2601,39.879225,5387.56,11.00580625,25,87616,275.56,156499.36,39.5641,24.6
0.06642,0,4.05,0,0.51,6.86,74.4,2.9153,5,296,16.6,391.27,6.92,0.004411616,0,16.4025,0,0.2601,47.0596,5535.36,8.49897409,25,87616,275.56,153092.2129,47.8864,29.9
0.0578,0,2.46,0,0.488,6.98,58.4,2.829,3,193,17.8,396.9,5.04,0.00334084,0,6.0516,0,0.238144,48.7204,3410.56,8.003241,9,37249,316.84,157529.61,25.4016,37.2
0.06588,0,2.46,0,0.488,7.765,83.3,2.741,3,193,17.8,395.56,7.56,0.004340174,0,6.0516,0,0.238144,60.295225,6938.89,7.513081,9,37249,316.84,156467.7136,57.1536,39.8
0.06888,0,2.46,0,0.488,6.144,62.2,2.5979,3,193,17.8,396.9,9.45,0.004744454,0,6.0516,0,0.238144,37.748736,3868.84,6.74908441,9,37249,316.84,157529.61,89.3025,36.2
0.09103,0,2.46,0,0.488,7.155,92.2,2.7006,3,193,17.8,394.12,4.82,0.008286461,0,6.0516,0,0.238144,51.194025,8500.84,7.29324036,9,37249,316.84,155330.5744,23.2324,37.9
0.10008,0,2.46,0,0.488,6.563,95.6,2.847,3,193,17.8,396.9,5.68,0.010016006,0,6.0516,0,0.238144,43.072969,9139.36,8.105409,9,37249,316.84,157529.61,32.2624,32.5
0.08308,0,2.46,0,0.488,5.604,89.8,2.9879,3,193,17.8,391,13.98,0.006902286,0,6.0516,0,0.238144,31.404816,8064.04,8.92754641,9,37249,316.84,152881,195.4404,26.4
0.06047,0,2.46,0,0.488,6.153,68.8,3.2797,3,193,17.8,387.11,13.15,0.003656621,0,6.0516,0,0.238144,37.859409,4733.44,10.75643209,9,37249,316.84,149854.1521,172.9225,29.6
0.05602,0,2.46,0,0.488,7.831,53.6,3.1992,3,193,17.8,392.63,4.45,0.00313824,0,6.0516,0,0.238144,61.324561,2872.96,10.23488064,9,37249,316.84,154158.3169,19.8025,50
0.07875,45,3.44,0,0.437,6.782,41.1,3.7886,5,398,15.2,393.87,6.68,0.006201563,2025,11.8336,0,0.190969,45.995524,1689.21,14.35348996,25,158404,231.04,155133.5769,44.6224,32
0.12579,45,3.44,0,0.437,6.556,29.1,4.5667,5,398,15.2,382.84,4.56,0.015823124,2025,11.8336,0,0.190969,42.981136,846.81,20.85474889,25,158404,231.04,146566.4656,20.7936,29.8
0.0837,45,3.44,0,0.437,7.185,38.9,4.5667,5,398,15.2,396.9,5.39,0.00700569,2025,11.8336,0,0.190969,51.624225,1513.21,20.85474889,25,158404,231.04,157529.61,29.0521,34.9
0.09068,45,3.44,0,0.437,6.951,21.5,6.4798,5,398,15.2,377.68,5.1,0.008222862,2025,11.8336,0,0.190969,48.316401,462.25,41.98780804,25,158404,231.04,142642.1824,26.01,37
0.06911,45,3.44,0,0.437,6.739,30.8,6.4798,5,398,15.2,389.71,4.69,0.004776192,2025,11.8336,0,0.190969,45.414121,948.64,41.98780804,25,158404,231.04,151873.8841,21.9961,30.5
0.08664,45,3.44,0,0.437,7.178,26.3,6.4798,5,398,15.2,390.49,2.87,0.00750649,2025,11.8336,0,0.190969,51.523684,691.69,41.98780804,25,158404,231.04,152482.4401,8.2369,36.4
0.02187,60,2.93,0,0.401,6.8,9.9,6.2196,1,265,15.6,393.37,5.03,0.000478297,3600,8.5849,0,0.160801,46.24,98.01,38.68342416,1,70225,243.36,154739.9569,25.3009,31.1
0.01439,60,2.93,0,0.401,6.604,18.8,6.2196,1,265,15.6,376.7,4.38,0.000207072,3600,8.5849,0,0.160801,43.612816,353.44,38.68342416,1,70225,243.36,141902.89,19.1844,29.1
0.01381,80,0.46,0,0.422,7.875,32,5.6484,4,255,14.4,394.23,2.97,0.000190716,6400,0.2116,0,0.178084,62.015625,1024,31.90442256,16,65025,207.36,155417.2929,8.8209,50
0.04011,80,1.52,0,0.404,7.287,34.1,7.309,2,329,12.6,396.9,4.08,0.001608812,6400,2.3104,0,0.163216,53.100369,1162.81,53.421481,4,108241,158.76,157529.61,16.6464,33.3
0.04666,80,1.52,0,0.404,7.107,36.6,7.309,2,329,12.6,354.31,8.61,0.002177156,6400,2.3104,0,0.163216,50.509449,1339.56,53.421481,4,108241,158.76,125535.5761,74.1321,30.3
0.03768,80,1.52,0,0.404,7.274,38.3,7.309,2,329,12.6,392.2,6.62,0.001419782,6400,2.3104,0,0.163216,52.911076,1466.89,53.421481,4,108241,158.76,153820.84,43.8244,34.6
0.0315,95,1.47,0,0.403,6.975,15.3,7.6534,3,402,17,396.9,4.56,0.00099225,9025,2.1609,0,0.162409,48.650625,234.09,58.57453156,9,161604,289,157529.61,20.7936,34.9
0.01778,95,1.47,0,0.403,7.135,13.9,7.6534,3,402,17,384.3,4.45,0.000316128,9025,2.1609,0,0.162409,50.908225,193.21,58.57453156,9,161604,289,147686.49,19.8025,32.9
0.03445,82.5,2.03,0,0.415,6.162,38.4,6.27,2,348,14.7,393.77,7.43,0.001186803,6806.25,4.1209,0,0.172225,37.970244,1474.56,39.3129,4,121104,216.09,155054.8129,55.2049,24.1
0.02177,82.5,2.03,0,0.415,7.61,15.7,6.27,2,348,14.7,395.38,3.11,0.000473933,6806.25,4.1209,0,0.172225,57.9121,246.49,39.3129,4,121104,216.09,156325.3444,9.6721,42.3
0.0351,95,2.68,0,0.4161,7.853,33.2,5.118,4,224,14.7,392.78,3.81,0.00123201,9025,7.1824,0,0.17313921,61.669609,1102.24,26.193924,16,50176,216.09,154276.1284,14.5161,48.5
0.02009,95,2.68,0,0.4161,8.034,31.9,5.118,4,224,14.7,390.55,2.88,0.000403608,9025,7.1824,0,0.17313921,64.545156,1017.61,26.193924,16,50176,216.09,152529.3025,8.2944,50
0.13642,0,10.59,0,0.489,5.891,22.3,3.9454,4,277,18.6,396.9,10.87,0.018610416,0,112.1481,0,0.239121,34.703881,497.29,15.56618116,16,76729,345.96,157529.61,118.1569,22.6
0.22969,0,10.59,0,0.489,6.326,52.5,4.3549,4,277,18.6,394.87,10.97,0.052757496,0,112.1481,0,0.239121,40.018276,2756.25,18.96515401,16,76729,345.96,155922.3169,120.3409,24.4
0.25199,0,10.59,0,0.489,5.783,72.7,4.3549,4,277,18.6,389.43,18.06,0.06349896,0,112.1481,0,0.239121,33.443089,5285.29,18.96515401,16,76729,345.96,151655.7249,326.1636,22.5
0.13587,0,10.59,1,0.489,6.064,59.1,4.2392,4,277,18.6,381.32,14.66,0.018460657,0,112.1481,1,0.239121,36.772096,3492.81,17.97081664,16,76729,345.96,145404.9424,214.9156,24.4
0.43571,0,10.59,1,0.489,5.344,100,3.875,4,277,18.6,396.9,23.09,0.189843204,0,112.1481,1,0.239121,28.558336,10000,15.015625,16,76729,345.96,157529.61,533.1481,20
0.17446,0,10.59,1,0.489,5.96,92.1,3.8771,4,277,18.6,393.25,17.27,0.030436292,0,112.1481,1,0.239121,35.5216,8482.41,15.03190441,16,76729,345.96,154645.5625,298.2529,21.7
0.37578,0,10.59,1,0.489,5.404,88.6,3.665,4,277,18.6,395.24,23.98,0.141210608,0,112.1481,1,0.239121,29.203216,7849.96,13.432225,16,76729,345.96,156214.6576,575.0404,19.3
0.21719,0,10.59,1,0.489,5.807,53.8,3.6526,4,277,18.6,390.94,16.03,0.047171496,0,112.1481,1,0.239121,33.721249,2894.44,13.34148676,16,76729,345.96,152834.0836,256.9609,22.4
0.14052,0,10.59,0,0.489,6.375,32.3,3.9454,4,277,18.6,385.81,9.38,0.01974587,0,112.1481,0,0.239121,40.640625,1043.29,15.56618116,16,76729,345.96,148849.3561,87.9844,28.1
0.28955,0,10.59,0,0.489,5.412,9.8,3.5875,4,277,18.6,348.93,29.55,0.083839203,0,112.1481,0,0.239121,29.289744,96.04,12.87015625,16,76729,345.96,121752.1449,873.2025,23.7
0.19802,0,10.59,0,0.489,6.182,42.4,3.9454,4,277,18.6,393.63,9.47,0.03921192,0,112.1481,0,0.239121,38.217124,1797.76,15.56618116,16,76729,345.96,154944.5769,89.6809,25
0.0456,0,13.89,1,0.55,5.888,56,3.1121,5,276,16.4,392.8,13.51,0.00207936,0,192.9321,1,0.3025,34.668544,3136,9.68516641,25,76176,268.96,154291.84,182.5201,23.3
0.07013,0,13.89,0,0.55,6.642,85.1,3.4211,5,276,16.4,392.78,9.69,0.004918217,0,192.9321,0,0.3025,44.116164,7242.01,11.70392521,25,76176,268.96,154276.1284,93.8961,28.7
0.11069,0,13.89,1,0.55,5.951,93.8,2.8893,5,276,16.4,396.9,17.92,0.012252276,0,192.9321,1,0.3025,35.414401,8798.44,8.34805449,25,76176,268.96,157529.61,321.1264,21.5
0.11425,0,13.89,1,0.55,6.373,92.4,3.3633,5,276,16.4,393.74,10.5,0.013053063,0,192.9321,1,0.3025,40.615129,8537.76,11.31178689,25,76176,268.96,155031.1876,110.25,23
0.35809,0,6.2,1,0.507,6.951,88.5,2.8617,8,307,17.4,391.7,9.71,0.128228448,0,38.44,1,0.257049,48.316401,7832.25,8.18932689,64,94249,302.76,153428.89,94.2841,26.7
0.40771,0,6.2,1,0.507,6.164,91.3,3.048,8,307,17.4,395.24,21.46,0.166227444,0,38.44,1,0.257049,37.994896,8335.69,9.290304,64,94249,302.76,156214.6576,460.5316,21.7
0.62356,0,6.2,1,0.507,6.879,77.7,3.2721,8,307,17.4,390.39,9.93,0.388827074,0,38.44,1,0.257049,47.320641,6037.29,10.70663841,64,94249,302.76,152404.3521,98.6049,27.5
0.6147,0,6.2,0,0.507,6.618,80.8,3.2721,8,307,17.4,396.9,7.6,0.37785609,0,38.44,0,0.257049,43.797924,6528.64,10.70663841,64,94249,302.76,157529.61,57.76,30.1
0.31533,0,6.2,0,0.504,8.266,78.3,2.8944,8,307,17.4,385.05,4.14,0.099433009,0,38.44,0,0.254016,68.326756,6130.89,8.37755136,64,94249,302.76,148263.5025,17.1396,44.8
0.52693,0,6.2,0,0.504,8.725,83,2.8944,8,307,17.4,382,4.63,0.277655225,0,38.44,0,0.254016,76.125625,6889,8.37755136,64,94249,302.76,145924,21.4369,50
0.38214,0,6.2,0,0.504,8.04,86.5,3.2157,8,307,17.4,387.38,3.13,0.14603098,0,38.44,0,0.254016,64.6416,7482.25,10.34072649,64,94249,302.76,150063.2644,9.7969,37.6
0.41238,0,6.2,0,0.504,7.163,79.9,3.2157,8,307,17.4,372.08,6.36,0.170057264,0,38.44,0,0.254016,51.308569,6384.01,10.34072649,64,94249,302.76,138443.5264,40.4496,31.6
0.29819,0,6.2,0,0.504,7.686,17,3.3751,8,307,17.4,377.51,3.92,0.088917276,0,38.44,0,0.254016,59.074596,289,11.39130001,64,94249,302.76,142513.8001,15.3664,46.7
0.44178,0,6.2,0,0.504,6.552,21.4,3.3751,8,307,17.4,380.34,3.76,0.195169568,0,38.44,0,0.254016,42.928704,457.96,11.39130001,64,94249,302.76,144658.5156,14.1376,31.5
0.537,0,6.2,0,0.504,5.981,68.1,3.6715,8,307,17.4,378.35,11.65,0.288369,0,38.44,0,0.254016,35.772361,4637.61,13.47991225,64,94249,302.76,143148.7225,135.7225,24.3
0.46296,0,6.2,0,0.504,7.412,76.9,3.6715,8,307,17.4,376.14,5.25,0.214331962,0,38.44,0,0.254016,54.937744,5913.61,13.47991225,64,94249,302.76,141481.2996,27.5625,31.7
0.57529,0,6.2,0,0.507,8.337,73.3,3.8384,8,307,17.4,385.91,2.47,0.330958584,0,38.44,0,0.257049,69.505569,5372.89,14.73331456,64,94249,302.76,148926.5281,6.1009,41.7
0.33147,0,6.2,0,0.507,8.247,70.4,3.6519,8,307,17.4,378.95,3.95,0.109872361,0,38.44,0,0.257049,68.013009,4956.16,13.33637361,64,94249,302.76,143603.1025,15.6025,48.3
0.44791,0,6.2,1,0.507,6.726,66.5,3.6519,8,307,17.4,360.2,8.05,0.200623368,0,38.44,1,0.257049,45.239076,4422.25,13.33637361,64,94249,302.76,129744.04,64.8025,29
0.33045,0,6.2,0,0.507,6.086,61.5,3.6519,8,307,17.4,376.75,10.88,0.109197203,0,38.44,0,0.257049,37.039396,3782.25,13.33637361,64,94249,302.76,141940.5625,118.3744,24
0.52058,0,6.2,1,0.507,6.631,76.5,4.148,8,307,17.4,388.45,9.54,0.271003536,0,38.44,1,0.257049,43.970161,5852.25,17.205904,64,94249,302.76,150893.4025,91.0116,25.1
0.51183,0,6.2,0,0.507,7.358,71.6,4.148,8,307,17.4,390.07,4.73,0.261969949,0,38.44,0,0.257049,54.140164,5126.56,17.205904,64,94249,302.76,152154.6049,22.3729,31.5
0.08244,30,4.93,0,0.428,6.481,18.5,6.1899,6,300,16.6,379.41,6.36,0.006796354,900,24.3049,0,0.183184,42.003361,342.25,38.31486201,36,90000,275.56,143951.9481,40.4496,23.7
0.09252,30,4.93,0,0.428,6.606,42.2,6.1899,6,300,16.6,383.78,7.37,0.00855995,900,24.3049,0,0.183184,43.639236,1780.84,38.31486201,36,90000,275.56,147287.0884,54.3169,23.3
0.11329,30,4.93,0,0.428,6.897,54.3,6.3361,6,300,16.6,391.25,11.38,0.012834624,900,24.3049,0,0.183184,47.568609,2948.49,40.14616321,36,90000,275.56,153076.5625,129.5044,22
0.10612,30,4.93,0,0.428,6.095,65.1,6.3361,6,300,16.6,394.62,12.4,0.011261454,900,24.3049,0,0.183184,37.149025,4238.01,40.14616321,36,90000,275.56,155724.9444,153.76,20.1
0.1029,30,4.93,0,0.428,6.358,52.9,7.0355,6,300,16.6,372.75,11.22,0.01058841,900,24.3049,0,0.183184,40.424164,2798.41,49.49826025,36,90000,275.56,138942.5625,125.8884,22.2
0.12757,30,4.93,0,0.428,6.393,7.8,7.0355,6,300,16.6,374.71,5.19,0.016274105,900,24.3049,0,0.183184,40.870449,60.84,49.49826025,36,90000,275.56,140407.5841,26.9361,23.7
0.20608,22,5.86,0,0.431,5.593,76.5,7.9549,7,330,19.1,372.49,12.5,0.042468966,484,34.3396,0,0.185761,31.281649,5852.25,63.28043401,49,108900,364.81,138748.8001,156.25,17.6
0.19133,22,5.86,0,0.431,5.605,70.2,7.9549,7,330,19.1,389.13,18.46,0.036607169,484,34.3396,0,0.185761,31.416025,4928.04,63.28043401,49,108900,364.81,151422.1569,340.7716,18.5
0.33983,22,5.86,0,0.431,6.108,34.9,8.0555,7,330,19.1,390.18,9.16,0.115484429,484,34.3396,0,0.185761,37.307664,1218.01,64.89108025,49,108900,364.81,152240.4324,83.9056,24.3
0.19657,22,5.86,0,0.431,6.226,79.2,8.0555,7,330,19.1,376.14,10.15,0.038639765,484,34.3396,0,0.185761,38.763076,6272.64,64.89108025,49,108900,364.81,141481.2996,103.0225,20.5
0.16439,22,5.86,0,0.431,6.433,49.1,7.8265,7,330,19.1,374.71,9.52,0.027024072,484,34.3396,0,0.185761,41.383489,2410.81,61.25410225,49,108900,364.81,140407.5841,90.6304,24.5
0.19073,22,5.86,0,0.431,6.718,17.5,7.8265,7,330,19.1,393.74,6.56,0.036377933,484,34.3396,0,0.185761,45.131524,306.25,61.25410225,49,108900,364.81,155031.1876,43.0336,26.2
0.1403,22,5.86,0,0.431,6.487,13,7.3967,7,330,19.1,396.28,5.9,0.01968409,484,34.3396,0,0.185761,42.081169,169,54.71117089,49,108900,364.81,157037.8384,34.81,24.4
0.21409,22,5.86,0,0.431,6.438,8.9,7.3967,7,330,19.1,377.07,3.59,0.045834528,484,34.3396,0,0.185761,41.447844,79.21,54.71117089,49,108900,364.81,142181.7849,12.8881,24.8
0.08221,22,5.86,0,0.431,6.957,6.8,8.9067,7,330,19.1,386.09,3.53,0.006758484,484,34.3396,0,0.185761,48.399849,46.24,79.32930489,49,108900,364.81,149065.4881,12.4609,29.6
0.36894,22,5.86,0,0.431,8.259,8.4,8.9067,7,330,19.1,396.9,3.54,0.136116724,484,34.3396,0,0.185761,68.211081,70.56,79.32930489,49,108900,364.81,157529.61,12.5316,42.8
0.04819,80,3.64,0,0.392,6.108,32,9.2203,1,315,16.4,392.89,6.57,0.002322276,6400,13.2496,0,0.153664,37.307664,1024,85.01393209,1,99225,268.96,154362.5521,43.1649,21.9
0.03548,80,3.64,0,0.392,5.876,19.1,9.2203,1,315,16.4,395.18,9.25,0.00125883,6400,13.2496,0,0.153664,34.527376,364.81,85.01393209,1,99225,268.96,156167.2324,85.5625,20.9
0.01538,90,3.75,0,0.394,7.454,34.2,6.3361,3,244,15.9,386.34,3.11,0.000236544,8100,14.0625,0,0.155236,55.562116,1169.64,40.14616321,9,59536,252.81,149258.5956,9.6721,44
0.61154,20,3.97,0,0.647,8.704,86.9,1.801,5,264,13,389.7,5.12,0.373981172,400,15.7609,0,0.418609,75.759616,7551.61,3.243601,25,69696,169,151866.09,26.2144,50
0.66351,20,3.97,0,0.647,7.333,100,1.8946,5,264,13,383.29,7.79,0.44024552,400,15.7609,0,0.418609,53.772889,10000,3.58950916,25,69696,169,146911.2241,60.6841,36
0.65665,20,3.97,0,0.647,6.842,100,2.0107,5,264,13,391.93,6.9,0.431189223,400,15.7609,0,0.418609,46.812964,10000,4.04291449,25,69696,169,153609.1249,47.61,30.1
0.54011,20,3.97,0,0.647,7.203,81.8,2.1121,5,264,13,392.8,9.59,0.291718812,400,15.7609,0,0.418609,51.883209,6691.24,4.46096641,25,69696,169,154291.84,91.9681,33.8
0.53412,20,3.97,0,0.647,7.52,89.4,2.1398,5,264,13,388.37,7.26,0.285284174,400,15.7609,0,0.418609,56.5504,7992.36,4.57874404,25,69696,169,150831.2569,52.7076,43.1
0.52014,20,3.97,0,0.647,8.398,91.5,2.2885,5,264,13,386.86,5.91,0.27054562,400,15.7609,0,0.418609,70.526404,8372.25,5.23723225,25,69696,169,149660.6596,34.9281,48.8
0.82526,20,3.97,0,0.647,7.327,94.5,2.0788,5,264,13,393.42,11.25,0.681054068,400,15.7609,0,0.418609,53.684929,8930.25,4.32140944,25,69696,169,154779.2964,126.5625,31
0.55007,20,3.97,0,0.647,7.206,91.6,1.9301,5,264,13,387.89,8.1,0.302577005,400,15.7609,0,0.418609,51.926436,8390.56,3.72528601,25,69696,169,150458.6521,65.61,36.5
0.76162,20,3.97,0,0.647,5.56,62.8,1.9865,5,264,13,392.4,10.45,0.580065024,400,15.7609,0,0.418609,30.9136,3943.84,3.94618225,25,69696,169,153977.76,109.2025,22.8
0.7857,20,3.97,0,0.647,7.014,84.6,2.1329,5,264,13,384.07,14.79,0.61732449,400,15.7609,0,0.418609,49.196196,7157.16,4.54926241,25,69696,169,147509.7649,218.7441,30.7
0.57834,20,3.97,0,0.575,8.297,67,2.4216,5,264,13,384.54,7.44,0.334477156,400,15.7609,0,0.330625,68.840209,4489,5.86414656,25,69696,169,147871.0116,55.3536,50
0.5405,20,3.97,0,0.575,7.47,52.6,2.872,5,264,13,390.3,3.16,0.29214025,400,15.7609,0,0.330625,55.8009,2766.76,8.248384,25,69696,169,152334.09,9.9856,43.5
0.09065,20,6.96,1,0.464,5.92,61.5,3.9175,3,223,18.6,391.34,13.65,0.008217423,400,48.4416,1,0.215296,35.0464,3782.25,15.34680625,9,49729,345.96,153146.9956,186.3225,20.7
0.29916,20,6.96,0,0.464,5.856,42.1,4.429,3,223,18.6,388.65,13,0.089496706,400,48.4416,0,0.215296,34.292736,1772.41,19.616041,9,49729,345.96,151048.8225,169,21.1
0.16211,20,6.96,0,0.464,6.24,16.3,4.429,3,223,18.6,396.9,6.59,0.026279652,400,48.4416,0,0.215296,38.9376,265.69,19.616041,9,49729,345.96,157529.61,43.4281,25.2
0.1146,20,6.96,0,0.464,6.538,58.7,3.9175,3,223,18.6,394.96,7.73,0.01313316,400,48.4416,0,0.215296,42.745444,3445.69,15.34680625,9,49729,345.96,155993.4016,59.7529,24.4
0.22188,20,6.96,1,0.464,7.691,51.8,4.3665,3,223,18.6,390.77,6.58,0.049230734,400,48.4416,1,0.215296,59.151481,2683.24,19.06632225,9,49729,345.96,152701.1929,43.2964,35.2
0.05644,40,6.41,1,0.447,6.758,32.9,4.0776,4,254,17.6,396.9,3.53,0.003185474,1600,41.0881,1,0.199809,45.670564,1082.41,16.62682176,16,64516,309.76,157529.61,12.4609,32.4
0.09604,40,6.41,0,0.447,6.854,42.8,4.2673,4,254,17.6,396.9,2.98,0.009223682,1600,41.0881,0,0.199809,46.977316,1831.84,18.20984929,16,64516,309.76,157529.61,8.8804,32
0.10469,40,6.41,1,0.447,7.267,49,4.7872,4,254,17.6,389.25,6.05,0.010959996,1600,41.0881,1,0.199809,52.809289,2401,22.91728384,16,64516,309.76,151515.5625,36.6025,33.2
0.06127,40,6.41,1,0.447,6.826,27.6,4.8628,4,254,17.6,393.45,4.16,0.003754013,1600,41.0881,1,0.199809,46.594276,761.76,23.64682384,16,64516,309.76,154802.9025,17.3056,33.1
0.07978,40,6.41,0,0.447,6.482,32.1,4.1403,4,254,17.6,396.9,7.19,0.006364848,1600,41.0881,0,0.199809,42.016324,1030.41,17.14208409,16,64516,309.76,157529.61,51.6961,29.1
0.21038,20,3.33,0,0.4429,6.812,32.2,4.1007,5,216,14.9,396.9,4.85,0.044259744,400,11.0889,0,0.19616041,46.403344,1036.84,16.81574049,25,46656,222.01,157529.61,23.5225,35.1
0.03578,20,3.33,0,0.4429,7.82,64.5,4.6947,5,216,14.9,387.31,3.76,0.001280208,400,11.0889,0,0.19616041,61.1524,4160.25,22.04020809,25,46656,222.01,150009.0361,14.1376,45.4
0.03705,20,3.33,0,0.4429,6.968,37.2,5.2447,5,216,14.9,392.23,4.59,0.001372703,400,11.0889,0,0.19616041,48.553024,1383.84,27.50687809,25,46656,222.01,153844.3729,21.0681,35.4
0.06129,20,3.33,1,0.4429,7.645,49.7,5.2119,5,216,14.9,377.07,3.01,0.003756464,400,11.0889,1,0.19616041,58.446025,2470.09,27.16390161,25,46656,222.01,142181.7849,9.0601,46
0.01501,90,1.21,1,0.401,7.923,24.8,5.885,1,198,13.6,395.52,3.16,0.0002253,8100,1.4641,1,0.160801,62.773929,615.04,34.633225,1,39204,184.96,156436.0704,9.9856,50
0.00906,90,2.97,0,0.4,7.088,20.8,7.3073,1,285,15.3,394.72,7.85,8.20836E-05,8100,8.8209,0,0.16,50.239744,432.64,53.39663329,1,81225,234.09,155803.8784,61.6225,32.2
0.01096,55,2.25,0,0.389,6.453,31.9,7.3073,1,300,15.3,394.72,8.23,0.000120122,3025,5.0625,0,0.151321,41.641209,1017.61,53.39663329,1,90000,234.09,155803.8784,67.7329,22
0.01965,80,1.76,0,0.385,6.23,31.5,9.0892,1,241,18.2,341.6,12.93,0.000386123,6400,3.0976,0,0.148225,38.8129,992.25,82.61355664,1,58081,331.24,116690.56,167.1849,20.1
0.03871,52.5,5.32,0,0.405,6.209,31.3,7.3172,6,293,16.6,396.9,7.14,0.001498464,2756.25,28.3024,0,0.164025,38.551681,979.69,53.54141584,36,85849,275.56,157529.61,50.9796,23.2
0.0459,52.5,5.32,0,0.405,6.315,45.6,7.3172,6,293,16.6,396.9,7.6,0.00210681,2756.25,28.3024,0,0.164025,39.879225,2079.36,53.54141584,36,85849,275.56,157529.61,57.76,22.3
0.04297,52.5,5.32,0,0.405,6.565,22.9,7.3172,6,293,16.6,371.72,9.51,0.001846421,2756.25,28.3024,0,0.164025,43.099225,524.41,53.54141584,36,85849,275.56,138175.7584,90.4401,24.8
0.03502,80,4.95,0,0.411,6.861,27.9,5.1167,4,245,19.2,396.9,3.33,0.0012264,6400,24.5025,0,0.168921,47.073321,778.41,26.18061889,16,60025,368.64,157529.61,11.0889,28.5
0.07886,80,4.95,0,0.411,7.148,27.7,5.1167,4,245,19.2,396.9,3.56,0.0062189,6400,24.5025,0,0.168921,51.093904,767.29,26.18061889,16,60025,368.64,157529.61,12.6736,37.3
0.03615,80,4.95,0,0.411,6.63,23.4,5.1167,4,245,19.2,396.9,4.7,0.001306823,6400,24.5025,0,0.168921,43.9569,547.56,26.18061889,16,60025,368.64,157529.61,22.09,27.9
0.08265,0,13.92,0,0.437,6.127,18.4,5.5027,4,289,16,396.9,8.58,0.006831023,0,193.7664,0,0.190969,37.540129,338.56,30.27970729,16,83521,256,157529.61,73.6164,23.9
0.08199,0,13.92,0,0.437,6.009,42.3,5.5027,4,289,16,396.9,10.4,0.00672236,0,193.7664,0,0.190969,36.108081,1789.29,30.27970729,16,83521,256,157529.61,108.16,21.7
0.12932,0,13.92,0,0.437,6.678,31.1,5.9604,4,289,16,396.9,6.27,0.016723662,0,193.7664,0,0.190969,44.595684,967.21,35.52636816,16,83521,256,157529.61,39.3129,28.6
0.05372,0,13.92,0,0.437,6.549,51,5.9604,4,289,16,392.85,7.39,0.002885838,0,193.7664,0,0.190969,42.889401,2601,35.52636816,16,83521,256,154331.1225,54.6121,27.1
0.14103,0,13.92,0,0.437,5.79,58,6.32,4,289,16,396.9,15.84,0.019889461,0,193.7664,0,0.190969,33.5241,3364,39.9424,16,83521,256,157529.61,250.9056,20.3
0.06466,70,2.24,0,0.4,6.345,20.1,7.8278,5,358,14.8,368.24,4.97,0.004180916,4900,5.0176,0,0.16,40.259025,404.01,61.27445284,25,128164,219.04,135600.6976,24.7009,22.5
0.05561,70,2.24,0,0.4,7.041,10,7.8278,5,358,14.8,371.58,4.74,0.003092472,4900,5.0176,0,0.16,49.575681,100,61.27445284,25,128164,219.04,138071.6964,22.4676,29
0.04417,70,2.24,0,0.4,6.871,47.4,7.8278,5,358,14.8,390.86,6.07,0.001950989,4900,5.0176,0,0.16,47.210641,2246.76,61.27445284,25,128164,219.04,152771.5396,36.8449,24.8
0.03537,34,6.09,0,0.433,6.59,40.4,5.4917,7,329,16.1,395.75,9.5,0.001251037,1156,37.0881,0,0.187489,43.4281,1632.16,30.15876889,49,108241,259.21,156618.0625,90.25,22
0.09266,34,6.09,0,0.433,6.495,18.4,5.4917,7,329,16.1,383.61,8.67,0.008585876,1156,37.0881,0,0.187489,42.185025,338.56,30.15876889,49,108241,259.21,147156.6321,75.1689,26.4
0.1,34,6.09,0,0.433,6.982,17.7,5.4917,7,329,16.1,390.43,4.86,0.01,1156,37.0881,0,0.187489,48.748324,313.29,30.15876889,49,108241,259.21,152435.5849,23.6196,33.1
0.05515,33,2.18,0,0.472,7.236,41.1,4.022,7,222,18.4,393.68,6.93,0.003041523,1089,4.7524,0,0.222784,52.359696,1689.21,16.176484,49,49284,338.56,154983.9424,48.0249,36.1
0.05479,33,2.18,0,0.472,6.616,58.1,3.37,7,222,18.4,393.36,8.93,0.003001944,1089,4.7524,0,0.222784,43.771456,3375.61,11.3569,49,49284,338.56,154732.0896,79.7449,28.4
0.07503,33,2.18,0,0.472,7.42,71.9,3.0992,7,222,18.4,396.9,6.47,0.005629501,1089,4.7524,0,0.222784,55.0564,5169.61,9.60504064,49,49284,338.56,157529.61,41.8609,33.4
0.04932,33,2.18,0,0.472,6.849,70.3,3.1827,7,222,18.4,396.9,7.53,0.002432462,1089,4.7524,0,0.222784,46.908801,4942.09,10.12957929,49,49284,338.56,157529.61,56.7009,28.2
0.49298,0,9.9,0,0.544,6.635,82.5,3.3175,4,304,18.4,396.9,4.54,0.24302928,0,98.01,0,0.295936,44.023225,6806.25,11.00580625,16,92416,338.56,157529.61,20.6116,22.8
0.3494,0,9.9,0,0.544,5.972,76.7,3.1025,4,304,18.4,396.24,9.97,0.12208036,0,98.01,0,0.295936,35.664784,5882.89,9.62550625,16,92416,338.56,157006.1376,99.4009,20.3
2.63548,0,9.9,0,0.544,4.973,37.8,2.5194,4,304,18.4,350.45,12.64,6.94575483,0,98.01,0,0.295936,24.730729,1428.84,6.34737636,16,92416,338.56,122815.2025,159.7696,16.1
0.79041,0,9.9,0,0.544,6.122,52.8,2.6403,4,304,18.4,396.9,5.98,0.624747968,0,98.01,0,0.295936,37.478884,2787.84,6.97118409,16,92416,338.56,157529.61,35.7604,22.1
0.26169,0,9.9,0,0.544,6.023,90.4,2.834,4,304,18.4,396.3,11.72,0.068481656,0,98.01,0,0.295936,36.276529,8172.16,8.031556,16,92416,338.56,157053.69,137.3584,19.4
0.26938,0,9.9,0,0.544,6.266,82.8,3.2628,4,304,18.4,393.39,7.9,0.072565584,0,98.01,0,0.295936,39.262756,6855.84,10.64586384,16,92416,338.56,154755.6921,62.41,21.6
0.3692,0,9.9,0,0.544,6.567,87.3,3.6023,4,304,18.4,395.69,9.28,0.13630864,0,98.01,0,0.295936,43.125489,7621.29,12.97656529,16,92416,338.56,156570.5761,86.1184,23.8
0.25356,0,9.9,0,0.544,5.705,77.7,3.945,4,304,18.4,396.42,11.5,0.064292674,0,98.01,0,0.295936,32.547025,6037.29,15.563025,16,92416,338.56,157148.8164,132.25,16.2
0.31827,0,9.9,0,0.544,5.914,83.2,3.9986,4,304,18.4,390.7,18.33,0.101295793,0,98.01,0,0.295936,34.975396,6922.24,15.98880196,16,92416,338.56,152646.49,335.9889,17.8
0.24522,0,9.9,0,0.544,5.782,71.7,4.0317,4,304,18.4,396.9,15.94,0.060132848,0,98.01,0,0.295936,33.431524,5140.89,16.25460489,16,92416,338.56,157529.61,254.0836,19.8
0.40202,0,9.9,0,0.544,6.382,67.2,3.5325,4,304,18.4,395.21,10.36,0.16162008,0,98.01,0,0.295936,40.729924,4515.84,12.47855625,16,92416,338.56,156190.9441,107.3296,23.1
0.47547,0,9.9,0,0.544,6.113,58.8,4.0019,4,304,18.4,396.23,12.73,0.226071721,0,98.01,0,0.295936,37.368769,3457.44,16.01520361,16,92416,338.56,156998.2129,162.0529,21
0.1676,0,7.38,0,0.493,6.426,52.3,4.5404,5,287,19.6,396.9,7.2,0.02808976,0,54.4644,0,0.243049,41.293476,2735.29,20.61523216,25,82369,384.16,157529.61,51.84,23.8
0.18159,0,7.38,0,0.493,6.376,54.3,4.5404,5,287,19.6,396.9,6.87,0.032974928,0,54.4644,0,0.243049,40.653376,2948.49,20.61523216,25,82369,384.16,157529.61,47.1969,23.1
0.35114,0,7.38,0,0.493,6.041,49.9,4.7211,5,287,19.6,396.9,7.7,0.1232993,0,54.4644,0,0.243049,36.493681,2490.01,22.28878521,25,82369,384.16,157529.61,59.29,20.4
0.28392,0,7.38,0,0.493,5.708,74.3,4.7211,5,287,19.6,391.13,11.74,0.080610566,0,54.4644,0,0.243049,32.581264,5520.49,22.28878521,25,82369,384.16,152982.6769,137.8276,18.5
0.34109,0,7.38,0,0.493,6.415,40.1,4.7211,5,287,19.6,396.9,6.12,0.116342388,0,54.4644,0,0.243049,41.152225,1608.01,22.28878521,25,82369,384.16,157529.61,37.4544,25
0.19186,0,7.38,0,0.493,6.431,14.7,5.4159,5,287,19.6,393.68,5.08,0.03681026,0,54.4644,0,0.243049,41.357761,216.09,29.33197281,25,82369,384.16,154983.9424,25.8064,24.6
0.30347,0,7.38,0,0.493,6.312,28.9,5.4159,5,287,19.6,396.9,6.15,0.092094041,0,54.4644,0,0.243049,39.841344,835.21,29.33197281,25,82369,384.16,157529.61,37.8225,23
0.24103,0,7.38,0,0.493,6.083,43.7,5.4159,5,287,19.6,396.9,12.79,0.058095461,0,54.4644,0,0.243049,37.002889,1909.69,29.33197281,25,82369,384.16,157529.61,163.5841,22.2
0.06617,0,3.24,0,0.46,5.868,25.8,5.2146,4,430,16.9,382.44,9.97,0.004378469,0,10.4976,0,0.2116,34.433424,665.64,27.19205316,16,184900,285.61,146260.3536,99.4009,19.3
0.06724,0,3.24,0,0.46,6.333,17.2,5.2146,4,430,16.9,375.21,7.34,0.004521218,0,10.4976,0,0.2116,40.106889,295.84,27.19205316,16,184900,285.61,140782.5441,53.8756,22.6
0.04544,0,3.24,0,0.46,6.144,32.2,5.8736,4,430,16.9,368.57,9.09,0.002064794,0,10.4976,0,0.2116,37.748736,1036.84,34.49917696,16,184900,285.61,135843.8449,82.6281,19.8
0.05023,35,6.06,0,0.4379,5.706,28.4,6.6407,1,304,16.9,394.02,12.43,0.002523053,1225,36.7236,0,0.19175641,32.558436,806.56,44.09889649,1,92416,285.61,155251.7604,154.5049,17.1
0.03466,35,6.06,0,0.4379,6.031,23.3,6.6407,1,304,16.9,362.25,7.83,0.001201316,1225,36.7236,0,0.19175641,36.372961,542.89,44.09889649,1,92416,285.61,131225.0625,61.3089,19.4
0.05083,0,5.19,0,0.515,6.316,38.1,6.4584,5,224,20.2,389.71,5.68,0.002583689,0,26.9361,0,0.265225,39.891856,1451.61,41.71093056,25,50176,408.04,151873.8841,32.2624,22.2
0.03738,0,5.19,0,0.515,6.31,38.5,6.4584,5,224,20.2,389.4,6.75,0.001397264,0,26.9361,0,0.265225,39.8161,1482.25,41.71093056,25,50176,408.04,151632.36,45.5625,20.7
0.03961,0,5.19,0,0.515,6.037,34.5,5.9853,5,224,20.2,396.9,8.01,0.001568952,0,26.9361,0,0.265225,36.445369,1190.25,35.82381609,25,50176,408.04,157529.61,64.1601,21.1
0.03427,0,5.19,0,0.515,5.869,46.3,5.2311,5,224,20.2,396.9,9.8,0.001174433,0,26.9361,0,0.265225,34.445161,2143.69,27.36440721,25,50176,408.04,157529.61,96.04,19.5
0.03041,0,5.19,0,0.515,5.895,59.6,5.615,5,224,20.2,394.81,10.56,0.000924768,0,26.9361,0,0.265225,34.751025,3552.16,31.528225,25,50176,408.04,155874.9361,111.5136,18.5
0.03306,0,5.19,0,0.515,6.059,37.3,4.8122,5,224,20.2,396.14,8.51,0.001092964,0,26.9361,0,0.265225,36.711481,1391.29,23.15726884,25,50176,408.04,156926.8996,72.4201,20.6
0.05497,0,5.19,0,0.515,5.985,45.4,4.8122,5,224,20.2,396.9,9.74,0.003021701,0,26.9361,0,0.265225,35.820225,2061.16,23.15726884,25,50176,408.04,157529.61,94.8676,19
0.06151,0,5.19,0,0.515,5.968,58.5,4.8122,5,224,20.2,396.9,9.29,0.00378348,0,26.9361,0,0.265225,35.617024,3422.25,23.15726884,25,50176,408.04,157529.61,86.3041,18.7
0.01301,35,1.52,0,0.442,7.241,49.3,7.0379,1,284,15.5,394.74,5.49,0.00016926,1225,2.3104,0,0.195364,52.432081,2430.49,49.53203641,1,80656,240.25,155819.6676,30.1401,32.7
0.02498,0,1.89,0,0.518,6.54,59.7,6.2669,1,422,15.9,389.96,8.65,0.000624,0,3.5721,0,0.268324,42.7716,3564.09,39.27403561,1,178084,252.81,152068.8016,74.8225,16.5
0.02543,55,3.78,0,0.484,6.696,56.4,5.7321,5,370,17.6,396.9,7.18,0.000646685,3025,14.2884,0,0.234256,44.836416,3180.96,32.85697041,25,136900,309.76,157529.61,51.5524,23.9
0.03049,55,3.78,0,0.484,6.874,28.1,6.4654,5,370,17.6,387.97,4.61,0.00092964,3025,14.2884,0,0.234256,47.251876,789.61,41.80139716,25,136900,309.76,150520.7209,21.2521,31.2
0.03113,0,4.39,0,0.442,6.014,48.5,8.0136,3,352,18.8,385.64,10.53,0.000969077,0,19.2721,0,0.195364,36.168196,2352.25,64.21778496,9,123904,353.44,148718.2096,110.8809,17.5
0.06162,0,4.39,0,0.442,5.898,52.3,8.0136,3,352,18.8,364.61,12.67,0.003797024,0,19.2721,0,0.195364,34.786404,2735.29,64.21778496,9,123904,353.44,132940.4521,160.5289,17.2
0.0187,85,4.15,0,0.429,6.516,27.7,8.5353,4,351,17.9,392.43,6.36,0.00034969,7225,17.2225,0,0.184041,42.458256,767.29,72.85134609,16,123201,320.41,154001.3049,40.4496,23.1
0.01501,80,2.01,0,0.435,6.635,29.7,8.344,4,280,17,390.94,5.99,0.0002253,6400,4.0401,0,0.189225,44.023225,882.09,69.622336,16,78400,289,152834.0836,35.8801,24.5
0.02899,40,1.25,0,0.429,6.939,34.5,8.7921,1,335,19.7,389.85,5.89,0.00084042,1600,1.5625,0,0.184041,48.149721,1190.25,77.30102241,1,112225,388.09,151983.0225,34.6921,26.6
0.06211,40,1.25,0,0.429,6.49,44.4,8.7921,1,335,19.7,396.9,5.98,0.003857652,1600,1.5625,0,0.184041,42.1201,1971.36,77.30102241,1,112225,388.09,157529.61,35.7604,22.9
0.0795,60,1.69,0,0.411,6.579,35.9,10.7103,4,411,18.3,370.78,5.49,0.00632025,3600,2.8561,0,0.168921,43.283241,1288.81,114.7105261,16,168921,334.89,137477.8084,30.1401,24.1
0.07244,60,1.69,0,0.411,5.884,18.5,10.7103,4,411,18.3,392.33,7.79,0.005247554,3600,2.8561,0,0.168921,34.621456,342.25,114.7105261,16,168921,334.89,153922.8289,60.6841,18.6
0.01709,90,2.02,0,0.41,6.728,36.1,12.1265,5,187,17,384.46,4.5,0.000292068,8100,4.0804,0,0.1681,45.265984,1303.21,147.0520023,25,34969,289,147809.4916,20.25,30.1
0.04301,80,1.91,0,0.413,5.663,21.9,10.5857,4,334,22,382.8,8.05,0.00184986,6400,3.6481,0,0.170569,32.069569,479.61,112.0570445,16,111556,484,146535.84,64.8025,18.2
0.10659,80,1.91,0,0.413,5.936,19.5,10.5857,4,334,22,376.04,5.57,0.011361428,6400,3.6481,0,0.170569,35.236096,380.25,112.0570445,16,111556,484,141406.0816,31.0249,20.6
8.98296,0,18.1,1,0.77,6.212,97.4,2.1222,24,666,20.2,377.73,17.6,80.69357036,0,327.61,1,0.5929,38.588944,9486.76,4.50373284,576,443556,408.04,142679.9529,309.76,17.8
3.8497,0,18.1,1,0.77,6.395,91,2.5052,24,666,20.2,391.34,13.27,14.82019009,0,327.61,1,0.5929,40.896025,8281,6.27602704,576,443556,408.04,153146.9956,176.0929,21.7
5.20177,0,18.1,1,0.77,6.127,83.4,2.7227,24,666,20.2,395.43,11.48,27.05841113,0,327.61,1,0.5929,37.540129,6955.56,7.41309529,576,443556,408.04,156364.8849,131.7904,22.7
4.26131,0,18.1,0,0.77,6.112,81.3,2.5091,24,666,20.2,390.74,12.67,18.15876292,0,327.61,0,0.5929,37.356544,6609.69,6.29558281,576,443556,408.04,152677.7476,160.5289,22.6
4.54192,0,18.1,0,0.77,6.398,88,2.5182,24,666,20.2,374.56,7.79,20.62903729,0,327.61,0,0.5929,40.934404,7744,6.34133124,576,443556,408.04,140295.1936,60.6841,25
3.83684,0,18.1,0,0.77,6.251,91.1,2.2955,24,666,20.2,350.65,14.19,14.72134119,0,327.61,0,0.5929,39.075001,8299.21,5.26932025,576,443556,408.04,122955.4225,201.3561,19.9
3.67822,0,18.1,0,0.77,5.362,96.2,2.1036,24,666,20.2,380.79,10.19,13.52930237,0,327.61,0,0.5929,28.751044,9254.44,4.42513296,576,443556,408.04,145001.0241,103.8361,20.8
4.22239,0,18.1,1,0.77,5.803,89,1.9047,24,666,20.2,353.04,14.64,17.82857731,0,327.61,1,0.5929,33.674809,7921,3.62788209,576,443556,408.04,124637.2416,214.3296,16.8
3.47428,0,18.1,1,0.718,8.78,82.9,1.9047,24,666,20.2,354.55,5.29,12.07062152,0,327.61,1,0.515524,77.0884,6872.41,3.62788209,576,443556,408.04,125705.7025,27.9841,21.9
4.55587,0,18.1,0,0.718,3.561,87.9,1.6132,24,666,20.2,354.7,7.12,20.75595146,0,327.61,0,0.515524,12.680721,7726.41,2.60241424,576,443556,408.04,125812.09,50.6944,27.5
3.69695,0,18.1,0,0.718,4.963,91.4,1.7523,24,666,20.2,316.03,14,13.6674393,0,327.61,0,0.515524,24.631369,8353.96,3.07055529,576,443556,408.04,99874.9609,196,21.9
13.5222,0,18.1,0,0.631,3.863,100,1.5106,24,666,20.2,131.42,13.33,182.8498928,0,327.61,0,0.398161,14.922769,10000,2.28191236,576,443556,408.04,17271.2164,177.6889,23.1
4.89822,0,18.1,0,0.631,4.97,100,1.3325,24,666,20.2,375.52,3.26,23.99255917,0,327.61,0,0.398161,24.7009,10000,1.77555625,576,443556,408.04,141015.2704,10.6276,50
5.66998,0,18.1,1,0.631,6.683,96.8,1.3567,24,666,20.2,375.33,3.73,32.1486732,0,327.61,1,0.398161,44.662489,9370.24,1.84063489,576,443556,408.04,140872.6089,13.9129,50
6.53876,0,18.1,1,0.631,7.016,97.5,1.2024,24,666,20.2,392.05,2.96,42.75538234,0,327.61,1,0.398161,49.224256,9506.25,1.44576576,576,443556,408.04,153703.2025,8.7616,50
9.2323,0,18.1,0,0.631,6.216,100,1.1691,24,666,20.2,366.15,9.53,85.23536329,0,327.61,0,0.398161,38.638656,10000,1.36679481,576,443556,408.04,134065.8225,90.8209,50
8.26725,0,18.1,1,0.668,5.875,89.6,1.1296,24,666,20.2,347.88,8.88,68.34742256,0,327.61,1,0.446224,34.515625,8028.16,1.27599616,576,443556,408.04,121020.4944,78.8544,50
11.1081,0,18.1,0,0.668,4.906,100,1.1742,24,666,20.2,396.9,34.77,123.3898856,0,327.61,0,0.446224,24.068836,10000,1.37874564,576,443556,408.04,157529.61,1208.9529,13.8
18.4982,0,18.1,0,0.668,4.138,100,1.137,24,666,20.2,396.9,37.97,342.1834032,0,327.61,0,0.446224,17.123044,10000,1.292769,576,443556,408.04,157529.61,1441.7209,13.8
19.6091,0,18.1,0,0.671,7.313,97.9,1.3163,24,666,20.2,396.9,13.44,384.5168028,0,327.61,0,0.450241,53.479969,9584.41,1.73264569,576,443556,408.04,157529.61,180.6336,15
15.288,0,18.1,0,0.671,6.649,93.3,1.3449,24,666,20.2,363.02,23.24,233.722944,0,327.61,0,0.450241,44.209201,8704.89,1.80875601,576,443556,408.04,131783.5204,540.0976,13.9
9.82349,0,18.1,0,0.671,6.794,98.8,1.358,24,666,20.2,396.9,21.24,96.50095578,0,327.61,0,0.450241,46.158436,9761.44,1.844164,576,443556,408.04,157529.61,451.1376,13.3
23.6482,0,18.1,0,0.671,6.38,96.2,1.3861,24,666,20.2,396.9,23.69,559.2373632,0,327.61,0,0.450241,40.7044,9254.44,1.92127321,576,443556,408.04,157529.61,561.2161,13.1
17.8667,0,18.1,0,0.671,6.223,100,1.3861,24,666,20.2,393.74,21.78,319.2189689,0,327.61,0,0.450241,38.725729,10000,1.92127321,576,443556,408.04,155031.1876,474.3684,10.2
88.9762,0,18.1,0,0.671,6.968,91.9,1.4165,24,666,20.2,396.9,17.21,7916.764166,0,327.61,0,0.450241,48.553024,8445.61,2.00647225,576,443556,408.04,157529.61,296.1841,10.4
15.8744,0,18.1,0,0.671,6.545,99.1,1.5192,24,666,20.2,396.9,21.08,251.9965754,0,327.61,0,0.450241,42.837025,9820.81,2.30796864,576,443556,408.04,157529.61,444.3664,10.9
9.18702,0,18.1,0,0.7,5.536,100,1.5804,24,666,20.2,396.9,23.6,84.40133648,0,327.61,0,0.49,30.647296,10000,2.49766416,576,443556,408.04,157529.61,556.96,11.3
7.99248,0,18.1,0,0.7,5.52,100,1.5331,24,666,20.2,396.9,24.56,63.87973655,0,327.61,0,0.49,30.4704,10000,2.35039561,576,443556,408.04,157529.61,603.1936,12.3
20.0849,0,18.1,0,0.7,4.368,91.2,1.4395,24,666,20.2,285.83,30.63,403.403208,0,327.61,0,0.49,19.079424,8317.44,2.07216025,576,443556,408.04,81698.7889,938.1969,8.8
16.8118,0,18.1,0,0.7,5.277,98.1,1.4261,24,666,20.2,396.9,30.81,282.6366192,0,327.61,0,0.49,27.846729,9623.61,2.03376121,576,443556,408.04,157529.61,949.2561,7.2
24.3938,0,18.1,0,0.7,4.652,100,1.4672,24,666,20.2,396.9,28.28,595.0574784,0,327.61,0,0.49,21.641104,10000,2.15267584,576,443556,408.04,157529.61,799.7584,10.5
22.5971,0,18.1,0,0.7,5,89.5,1.5184,24,666,20.2,396.9,31.99,510.6289284,0,327.61,0,0.49,25,8010.25,2.30553856,576,443556,408.04,157529.61,1023.3601,7.4
14.3337,0,18.1,0,0.7,4.88,100,1.5895,24,666,20.2,372.92,30.62,205.4549557,0,327.61,0,0.49,23.8144,10000,2.52651025,576,443556,408.04,139069.3264,937.5844,10.2
8.15174,0,18.1,0,0.7,5.39,98.9,1.7281,24,666,20.2,396.9,20.85,66.45086503,0,327.61,0,0.49,29.0521,9781.21,2.98632961,576,443556,408.04,157529.61,434.7225,11.5
6.96215,0,18.1,0,0.7,5.713,97,1.9265,24,666,20.2,394.43,17.11,48.47153262,0,327.61,0,0.49,32.638369,9409,3.71140225,576,443556,408.04,155575.0249,292.7521,15.1
5.29305,0,18.1,0,0.7,6.051,82.5,2.1678,24,666,20.2,378.38,18.76,28.0163783,0,327.61,0,0.49,36.614601,6806.25,4.69935684,576,443556,408.04,143171.4244,351.9376,23.2
11.5779,0,18.1,0,0.7,5.036,97,1.77,24,666,20.2,396.9,25.68,134.0477684,0,327.61,0,0.49,25.361296,9409,3.1329,576,443556,408.04,157529.61,659.4624,9.7
8.64476,0,18.1,0,0.693,6.193,92.6,1.7912,24,666,20.2,396.9,15.17,74.73187546,0,327.61,0,0.480249,38.353249,8574.76,3.20839744,576,443556,408.04,157529.61,230.1289,13.8
13.3598,0,18.1,0,0.693,5.887,94.7,1.7821,24,666,20.2,396.9,16.35,178.484256,0,327.61,0,0.480249,34.656769,8968.09,3.17588041,576,443556,408.04,157529.61,267.3225,12.7
8.71675,0,18.1,0,0.693,6.471,98.8,1.7257,24,666,20.2,391.98,17.12,75.98173056,0,327.61,0,0.480249,41.873841,9761.44,2.97804049,576,443556,408.04,153648.3204,293.0944,13.1
5.87205,0,18.1,0,0.693,6.405,96,1.6768,24,666,20.2,396.9,19.37,34.4809712,0,327.61,0,0.480249,41.024025,9216,2.81165824,576,443556,408.04,157529.61,375.1969,12.5
7.67202,0,18.1,0,0.693,5.747,98.9,1.6334,24,666,20.2,393.1,19.92,58.85989088,0,327.61,0,0.480249,33.028009,9781.21,2.66799556,576,443556,408.04,154527.61,396.8064,8.5
38.3518,0,18.1,0,0.693,5.453,100,1.4896,24,666,20.2,396.9,30.59,1470.860563,0,327.61,0,0.480249,29.735209,10000,2.21890816,576,443556,408.04,157529.61,935.7481,5
9.91655,0,18.1,0,0.693,5.852,77.8,1.5004,24,666,20.2,338.16,29.97,98.3379639,0,327.61,0,0.480249,34.245904,6052.84,2.25120016,576,443556,408.04,114352.1856,898.2009,6.3
25.0461,0,18.1,0,0.693,5.987,100,1.5888,24,666,20.2,396.9,26.77,627.3071252,0,327.61,0,0.480249,35.844169,10000,2.52428544,576,443556,408.04,157529.61,716.6329,5.6
14.2362,0,18.1,0,0.693,6.343,100,1.5741,24,666,20.2,396.9,20.32,202.6693904,0,327.61,0,0.480249,40.233649,10000,2.47779081,576,443556,408.04,157529.61,412.9024,7.2
9.59571,0,18.1,0,0.693,6.404,100,1.639,24,666,20.2,376.11,20.31,92.0776504,0,327.61,0,0.480249,41.011216,10000,2.686321,576,443556,408.04,141458.7321,412.4961,12.1
24.8017,0,18.1,0,0.693,5.349,96,1.7028,24,666,20.2,396.9,19.77,615.1243229,0,327.61,0,0.480249,28.611801,9216,2.89952784,576,443556,408.04,157529.61,390.8529,8.3
41.5292,0,18.1,0,0.693,5.531,85.4,1.6074,24,666,20.2,329.46,27.38,1724.674453,0,327.61,0,0.480249,30.591961,7293.16,2.58373476,576,443556,408.04,108543.8916,749.6644,8.5
67.9208,0,18.1,0,0.693,5.683,100,1.4254,24,666,20.2,384.97,22.98,4613.235073,0,327.61,0,0.480249,32.296489,10000,2.03176516,576,443556,408.04,148201.9009,528.0804,5
20.7162,0,18.1,0,0.659,4.138,100,1.1781,24,666,20.2,370.22,23.34,429.1609424,0,327.61,0,0.434281,17.123044,10000,1.38791961,576,443556,408.04,137062.8484,544.7556,11.9
11.9511,0,18.1,0,0.659,5.608,100,1.2852,24,666,20.2,332.09,12.13,142.8287912,0,327.61,0,0.434281,31.449664,10000,1.65173904,576,443556,408.04,110283.7681,147.1369,27.9
7.40389,0,18.1,0,0.597,5.617,97.9,1.4547,24,666,20.2,314.64,26.4,54.81758713,0,327.61,0,0.356409,31.550689,9584.41,2.11615209,576,443556,408.04,98998.3296,696.96,17.2
14.4383,0,18.1,0,0.597,6.852,100,1.4655,24,666,20.2,179.36,19.78,208.4645069,0,327.61,0,0.356409,46.949904,10000,2.14769025,576,443556,408.04,32170.0096,391.2484,27.5
51.1358,0,18.1,0,0.597,5.757,100,1.413,24,666,20.2,2.6,10.11,2614.870042,0,327.61,0,0.356409,33.143049,10000,1.996569,576,443556,408.04,6.76,102.2121,15
14.0507,0,18.1,0,0.597,6.657,100,1.5275,24,666,20.2,35.05,21.22,197.4221705,0,327.61,0,0.356409,44.315649,10000,2.33325625,576,443556,408.04,1228.5025,450.2884,17.2
18.811,0,18.1,0,0.597,4.628,100,1.5539,24,666,20.2,28.79,34.37,353.853721,0,327.61,0,0.356409,21.418384,10000,2.41460521,576,443556,408.04,828.8641,1181.2969,17.9
28.6558,0,18.1,0,0.597,5.155,100,1.5894,24,666,20.2,210.97,20.08,821.1548736,0,327.61,0,0.356409,26.574025,10000,2.52619236,576,443556,408.04,44508.3409,403.2064,16.3
45.7461,0,18.1,0,0.693,4.519,100,1.6582,24,666,20.2,88.27,36.98,2092.705665,0,327.61,0,0.480249,20.421361,10000,2.74962724,576,443556,408.04,7791.5929,1367.5204,7
18.0846,0,18.1,0,0.679,6.434,100,1.8347,24,666,20.2,27.25,29.05,327.0527572,0,327.61,0,0.461041,41.396356,10000,3.36612409,576,443556,408.04,742.5625,843.9025,7.2
10.8342,0,18.1,0,0.679,6.782,90.8,1.8195,24,666,20.2,21.57,25.79,117.3798896,0,327.61,0,0.461041,45.995524,8244.64,3.31058025,576,443556,408.04,465.2649,665.1241,7.5
25.9406,0,18.1,0,0.679,5.304,89.1,1.6475,24,666,20.2,127.36,26.64,672.9147284,0,327.61,0,0.461041,28.132416,7938.81,2.71425625,576,443556,408.04,16220.5696,709.6896,10.4
73.5341,0,18.1,0,0.679,5.957,100,1.8026,24,666,20.2,16.45,20.62,5407.263863,0,327.61,0,0.461041,35.485849,10000,3.24936676,576,443556,408.04,270.6025,425.1844,8.8
11.8123,0,18.1,0,0.718,6.824,76.5,1.794,24,666,20.2,48.45,22.74,139.5304313,0,327.61,0,0.515524,46.566976,5852.25,3.218436,576,443556,408.04,2347.4025,517.1076,8.4
11.0874,0,18.1,0,0.718,6.411,100,1.8589,24,666,20.2,318.75,15.02,122.9304388,0,327.61,0,0.515524,41.100921,10000,3.45550921,576,443556,408.04,101601.5625,225.6004,16.7
7.02259,0,18.1,0,0.718,6.006,95.3,1.8746,24,666,20.2,319.98,15.7,49.31677031,0,327.61,0,0.515524,36.072036,9082.09,3.51412516,576,443556,408.04,102387.2004,246.49,14.2
12.0482,0,18.1,0,0.614,5.648,87.6,1.9512,24,666,20.2,291.55,14.1,145.1591232,0,327.61,0,0.376996,31.899904,7673.76,3.80718144,576,443556,408.04,85001.4025,198.81,20.8
7.05042,0,18.1,0,0.614,6.103,85.1,2.0218,24,666,20.2,2.52,23.29,49.70842218,0,327.61,0,0.376996,37.246609,7242.01,4.08767524,576,443556,408.04,6.3504,542.4241,13.4
8.79212,0,18.1,0,0.584,5.565,70.6,2.0635,24,666,20.2,3.65,17.16,77.30137409,0,327.61,0,0.341056,30.969225,4984.36,4.25803225,576,443556,408.04,13.3225,294.4656,11.7
15.8603,0,18.1,0,0.679,5.896,95.4,1.9096,24,666,20.2,7.68,24.39,251.5491161,0,327.61,0,0.461041,34.762816,9101.16,3.64657216,576,443556,408.04,58.9824,594.8721,8.3
12.2472,0,18.1,0,0.584,5.837,59.7,1.9976,24,666,20.2,24.65,15.69,149.9939078,0,327.61,0,0.341056,34.070569,3564.09,3.99040576,576,443556,408.04,607.6225,246.1761,10.2
37.6619,0,18.1,0,0.679,6.202,78.7,1.8629,24,666,20.2,18.82,14.52,1418.418712,0,327.61,0,0.461041,38.464804,6193.69,3.47039641,576,443556,408.04,354.1924,210.8304,10.9
7.36711,0,18.1,0,0.679,6.193,78.1,1.9356,24,666,20.2,96.73,21.52,54.27430975,0,327.61,0,0.461041,38.353249,6099.61,3.74654736,576,443556,408.04,9356.6929,463.1104,11
9.33889,0,18.1,0,0.679,6.38,95.6,1.9682,24,666,20.2,60.72,24.08,87.21486643,0,327.61,0,0.461041,40.7044,9139.36,3.87381124,576,443556,408.04,3686.9184,579.8464,9.5
8.49213,0,18.1,0,0.584,6.348,86.1,2.0527,24,666,20.2,83.45,17.64,72.11627194,0,327.61,0,0.341056,40.297104,7413.21,4.21357729,576,443556,408.04,6963.9025,311.1696,14.5
10.0623,0,18.1,0,0.584,6.833,94.3,2.0882,24,666,20.2,81.33,19.69,101.2498813,0,327.61,0,0.341056,46.689889,8892.49,4.36057924,576,443556,408.04,6614.5689,387.6961,14.1
6.44405,0,18.1,0,0.584,6.425,74.8,2.2004,24,666,20.2,97.95,12.03,41.5257804,0,327.61,0,0.341056,41.280625,5595.04,4.84176016,576,443556,408.04,9594.2025,144.7209,16.1
5.58107,0,18.1,0,0.713,6.436,87.9,2.3158,24,666,20.2,100.19,16.22,31.14834234,0,327.61,0,0.508369,41.422096,7726.41,5.36292964,576,443556,408.04,10038.0361,263.0884,14.3
13.9134,0,18.1,0,0.713,6.208,95,2.2222,24,666,20.2,100.63,15.17,193.5826996,0,327.61,0,0.508369,38.539264,9025,4.93817284,576,443556,408.04,10126.3969,230.1289,11.7
11.1604,0,18.1,0,0.74,6.629,94.6,2.1247,24,666,20.2,109.85,23.27,124.5545282,0,327.61,0,0.5476,43.943641,8949.16,4.51435009,576,443556,408.04,12067.0225,541.4929,13.4
14.4208,0,18.1,0,0.74,6.461,93.3,2.0026,24,666,20.2,27.49,18.05,207.9594726,0,327.61,0,0.5476,41.744521,8704.89,4.01040676,576,443556,408.04,755.7001,325.8025,9.6
15.1772,0,18.1,0,0.74,6.152,100,1.9142,24,666,20.2,9.32,26.45,230.3473998,0,327.61,0,0.5476,37.847104,10000,3.66416164,576,443556,408.04,86.8624,699.6025,8.7
13.6781,0,18.1,0,0.74,5.935,87.9,1.8206,24,666,20.2,68.95,34.02,187.0904196,0,327.61,0,0.5476,35.224225,7726.41,3.31458436,576,443556,408.04,4754.1025,1157.3604,8.4
9.39063,0,18.1,0,0.74,5.627,93.9,1.8172,24,666,20.2,396.9,22.88,88.1839318,0,327.61,0,0.5476,31.663129,8817.21,3.30221584,576,443556,408.04,157529.61,523.4944,12.8
22.0511,0,18.1,0,0.74,5.818,92.4,1.8662,24,666,20.2,391.45,22.11,486.2510112,0,327.61,0,0.5476,33.849124,8537.76,3.48270244,576,443556,408.04,153233.1025,488.8521,10.5
9.72418,0,18.1,0,0.74,6.406,97.2,2.0651,24,666,20.2,385.96,19.52,94.55967667,0,327.61,0,0.5476,41.036836,9447.84,4.26463801,576,443556,408.04,148965.1216,381.0304,17.1
5.66637,0,18.1,0,0.74,6.219,100,2.0048,24,666,20.2,395.69,16.59,32.10774898,0,327.61,0,0.5476,38.675961,10000,4.01922304,576,443556,408.04,156570.5761,275.2281,18.4
9.96654,0,18.1,0,0.74,6.485,100,1.9784,24,666,20.2,386.73,18.85,99.33191957,0,327.61,0,0.5476,42.055225,10000,3.91406656,576,443556,408.04,149560.0929,355.3225,15.4
12.8023,0,18.1,0,0.74,5.854,96.6,1.8956,24,666,20.2,240.52,23.79,163.8988853,0,327.61,0,0.5476,34.269316,9331.56,3.59329936,576,443556,408.04,57849.8704,565.9641,10.8
10.6718,0,18.1,0,0.74,6.459,94.8,1.9879,24,666,20.2,43.06,23.98,113.8873152,0,327.61,0,0.5476,41.718681,8987.04,3.95174641,576,443556,408.04,1854.1636,575.0404,11.8
6.28807,0,18.1,0,0.74,6.341,96.4,2.072,24,666,20.2,318.01,17.79,39.53982432,0,327.61,0,0.5476,40.208281,9292.96,4.293184,576,443556,408.04,101130.3601,316.4841,14.9
9.92485,0,18.1,0,0.74,6.251,96.6,2.198,24,666,20.2,388.52,16.44,98.50264752,0,327.61,0,0.5476,39.075001,9331.56,4.831204,576,443556,408.04,150947.7904,270.2736,12.6
9.32909,0,18.1,0,0.713,6.185,98.7,2.2616,24,666,20.2,396.9,18.13,87.03192023,0,327.61,0,0.508369,38.254225,9741.69,5.11483456,576,443556,408.04,157529.61,328.6969,14.1
7.52601,0,18.1,0,0.713,6.417,98.3,2.185,24,666,20.2,304.21,19.31,56.64082652,0,327.61,0,0.508369,41.177889,9662.89,4.774225,576,443556,408.04,92543.7241,372.8761,13
6.71772,0,18.1,0,0.713,6.749,92.6,2.3236,24,666,20.2,0.32,17.44,45.127762,0,327.61,0,0.508369,45.549001,8574.76,5.39911696,576,443556,408.04,0.1024,304.1536,13.4
5.44114,0,18.1,0,0.713,6.655,98.2,2.3552,24,666,20.2,355.29,17.73,29.6060045,0,327.61,0,0.508369,44.289025,9643.24,5.54696704,576,443556,408.04,126230.9841,314.3529,15.2
5.09017,0,18.1,0,0.713,6.297,91.8,2.3682,24,666,20.2,385.09,17.27,25.90983063,0,327.61,0,0.508369,39.652209,8427.24,5.60837124,576,443556,408.04,148294.3081,298.2529,16.1
8.24809,0,18.1,0,0.713,7.393,99.3,2.4527,24,666,20.2,375.87,16.74,68.03098865,0,327.61,0,0.508369,54.656449,9860.49,6.01573729,576,443556,408.04,141278.2569,280.2276,17.8
9.51363,0,18.1,0,0.713,6.728,94.1,2.4961,24,666,20.2,6.68,18.71,90.50915578,0,327.61,0,0.508369,45.265984,8854.81,6.23051521,576,443556,408.04,44.6224,350.0641,14.9
4.75237,0,18.1,0,0.713,6.525,86.5,2.4358,24,666,20.2,50.92,18.13,22.58502062,0,327.61,0,0.508369,42.575625,7482.25,5.93312164,576,443556,408.04,2592.8464,328.6969,14.1
4.66883,0,18.1,0,0.713,5.976,87.9,2.5806,24,666,20.2,10.48,19.01,21.79797357,0,327.61,0,0.508369,35.712576,7726.41,6.65949636,576,443556,408.04,109.8304,361.3801,12.7
8.20058,0,18.1,0,0.713,5.936,80.3,2.7792,24,666,20.2,3.5,16.94,67.24951234,0,327.61,0,0.508369,35.236096,6448.09,7.72395264,576,443556,408.04,12.25,286.9636,13.5
7.75223,0,18.1,0,0.713,6.301,83.7,2.7831,24,666,20.2,272.21,16.23,60.09706997,0,327.61,0,0.508369,39.702601,7005.69,7.74564561,576,443556,408.04,74098.2841,263.4129,14.9
6.80117,0,18.1,0,0.713,6.081,84.4,2.7175,24,666,20.2,396.9,14.7,46.25591337,0,327.61,0,0.508369,36.978561,7123.36,7.38480625,576,443556,408.04,157529.61,216.09,20
4.81213,0,18.1,0,0.713,6.701,90,2.5975,24,666,20.2,255.23,16.42,23.15659514,0,327.61,0,0.508369,44.903401,8100,6.74700625,576,443556,408.04,65142.3529,269.6164,16.4
3.69311,0,18.1,0,0.713,6.376,88.4,2.5671,24,666,20.2,391.43,14.65,13.63906147,0,327.61,0,0.508369,40.653376,7814.56,6.59000241,576,443556,408.04,153217.4449,214.6225,17.7
6.65492,0,18.1,0,0.713,6.317,83,2.7344,24,666,20.2,396.9,13.99,44.28796021,0,327.61,0,0.508369,39.904489,6889,7.47694336,576,443556,408.04,157529.61,195.7201,19.5
5.82115,0,18.1,0,0.713,6.513,89.9,2.8016,24,666,20.2,393.82,10.29,33.88578732,0,327.61,0,0.508369,42.419169,8082.01,7.84896256,576,443556,408.04,155094.1924,105.8841,20.2
7.83932,0,18.1,0,0.655,6.209,65.4,2.9634,24,666,20.2,396.9,13.22,61.45493806,0,327.61,0,0.429025,38.551681,4277.16,8.78173956,576,443556,408.04,157529.61,174.7684,21.4
3.1636,0,18.1,0,0.655,5.759,48.2,3.0665,24,666,20.2,334.4,14.13,10.00836496,0,327.61,0,0.429025,33.166081,2323.24,9.40342225,576,443556,408.04,111823.36,199.6569,19.9
3.77498,0,18.1,0,0.655,5.952,84.7,2.8715,24,666,20.2,22.01,17.15,14.250474,0,327.61,0,0.429025,35.426304,7174.09,8.24551225,576,443556,408.04,484.4401,294.1225,19
4.42228,0,18.1,0,0.584,6.003,94.5,2.5403,24,666,20.2,331.29,21.32,19.5565604,0,327.61,0,0.341056,36.036009,8930.25,6.45312409,576,443556,408.04,109753.0641,454.5424,19.1
15.5757,0,18.1,0,0.58,5.926,71,2.9084,24,666,20.2,368.74,18.13,242.6024305,0,327.61,0,0.3364,35.117476,5041,8.45879056,576,443556,408.04,135969.1876,328.6969,19.1
13.0751,0,18.1,0,0.58,5.713,56.7,2.8237,24,666,20.2,396.9,14.76,170.95824,0,327.61,0,0.3364,32.638369,3214.89,7.97328169,576,443556,408.04,157529.61,217.8576,20.1
4.34879,0,18.1,0,0.58,6.167,84,3.0334,24,666,20.2,396.9,16.29,18.91197446,0,327.61,0,0.3364,38.031889,7056,9.20151556,576,443556,408.04,157529.61,265.3641,19.9
4.03841,0,18.1,0,0.532,6.229,90.7,3.0993,24,666,20.2,395.33,12.87,16.30875533,0,327.61,0,0.283024,38.800441,8226.49,9.60566049,576,443556,408.04,156285.8089,165.6369,19.6
3.56868,0,18.1,0,0.58,6.437,75,2.8965,24,666,20.2,393.37,14.36,12.73547694,0,327.61,0,0.3364,41.434969,5625,8.38971225,576,443556,408.04,154739.9569,206.2096,23.2
4.64689,0,18.1,0,0.614,6.98,67.6,2.5329,24,666,20.2,374.68,11.66,21.59358667,0,327.61,0,0.376996,48.7204,4569.76,6.41558241,576,443556,408.04,140385.1024,135.9556,29.8
8.05579,0,18.1,0,0.584,5.427,95.4,2.4298,24,666,20.2,352.58,18.14,64.89575252,0,327.61,0,0.341056,29.452329,9101.16,5.90392804,576,443556,408.04,124312.6564,329.0596,13.8
6.39312,0,18.1,0,0.584,6.162,97.4,2.206,24,666,20.2,302.76,24.1,40.87198333,0,327.61,0,0.341056,37.970244,9486.76,4.866436,576,443556,408.04,91663.6176,580.81,13.3
4.87141,0,18.1,0,0.614,6.484,93.6,2.3053,24,666,20.2,396.21,18.68,23.73063539,0,327.61,0,0.376996,42.042256,8760.96,5.31440809,576,443556,408.04,156982.3641,348.9424,16.7
15.0234,0,18.1,0,0.614,5.304,97.3,2.1007,24,666,20.2,349.48,24.91,225.7025476,0,327.61,0,0.376996,28.132416,9467.29,4.41294049,576,443556,408.04,122136.2704,620.5081,12
10.233,0,18.1,0,0.614,6.185,96.7,2.1705,24,666,20.2,379.7,18.03,104.714289,0,327.61,0,0.376996,38.254225,9350.89,4.71107025,576,443556,408.04,144172.09,325.0809,14.6
14.3337,0,18.1,0,0.614,6.229,88,1.9512,24,666,20.2,383.32,13.11,205.4549557,0,327.61,0,0.376996,38.800441,7744,3.80718144,576,443556,408.04,146934.2224,171.8721,21.4
5.82401,0,18.1,0,0.532,6.242,64.7,3.4242,24,666,20.2,396.9,10.74,33.91909248,0,327.61,0,0.283024,38.962564,4186.09,11.72514564,576,443556,408.04,157529.61,115.3476,23
5.70818,0,18.1,0,0.532,6.75,74.9,3.3317,24,666,20.2,393.07,7.74,32.58331891,0,327.61,0,0.283024,45.5625,5610.01,11.10022489,576,443556,408.04,154504.0249,59.9076,23.7
5.73116,0,18.1,0,0.532,7.061,77,3.4106,24,666,20.2,395.28,7.01,32.84619495,0,327.61,0,0.283024,49.857721,5929,11.63219236,576,443556,408.04,156246.2784,49.1401,25
2.81838,0,18.1,0,0.532,5.762,40.3,4.0983,24,666,20.2,392.92,10.42,7.943265824,0,327.61,0,0.283024,33.200644,1624.09,16.79606289,576,443556,408.04,154386.1264,108.5764,21.8
2.37857,0,18.1,0,0.583,5.871,41.9,3.724,24,666,20.2,370.73,13.34,5.657595245,0,327.61,0,0.339889,34.468641,1755.61,13.868176,576,443556,408.04,137440.7329,177.9556,20.6
3.67367,0,18.1,0,0.583,6.312,51.9,3.9917,24,666,20.2,388.62,10.58,13.49585127,0,327.61,0,0.339889,39.841344,2693.61,15.93366889,576,443556,408.04,151025.5044,111.9364,21.2
5.69175,0,18.1,0,0.583,6.114,79.8,3.5459,24,666,20.2,392.68,14.98,32.39601806,0,327.61,0,0.339889,37.380996,6368.04,12.57340681,576,443556,408.04,154197.5824,224.4004,19.1
4.83567,0,18.1,0,0.583,5.905,53.2,3.1523,24,666,20.2,388.22,11.45,23.38370435,0,327.61,0,0.339889,34.869025,2830.24,9.93699529,576,443556,408.04,150714.7684,131.1025,20.6
0.15086,0,27.74,0,0.609,5.454,92.7,1.8209,4,711,20.1,395.09,18.06,0.02275874,0,769.5076,0,0.370881,29.746116,8593.29,3.31567681,16,505521,404.01,156096.1081,326.1636,15.2
0.18337,0,27.74,0,0.609,5.414,98.3,1.7554,4,711,20.1,344.05,23.97,0.033624557,0,769.5076,0,0.370881,29.311396,9662.89,3.08142916,16,505521,404.01,118370.4025,574.5609,7
0.20746,0,27.74,0,0.609,5.093,98,1.8226,4,711,20.1,318.43,29.68,0.043039652,0,769.5076,0,0.370881,25.938649,9604,3.32187076,16,505521,404.01,101397.6649,880.9024,8.1
0.10574,0,27.74,0,0.609,5.983,98.8,1.8681,4,711,20.1,390.11,18.07,0.011180948,0,769.5076,0,0.370881,35.796289,9761.44,3.48979761,16,505521,404.01,152185.8121,326.5249,13.6
0.11132,0,27.74,0,0.609,5.983,83.5,2.1099,4,711,20.1,396.9,13.35,0.012392142,0,769.5076,0,0.370881,35.796289,6972.25,4.45167801,16,505521,404.01,157529.61,178.2225,20.1
0.17331,0,9.69,0,0.585,5.707,54,2.3817,6,391,19.2,396.9,12.01,0.030036356,0,93.8961,0,0.342225,32.569849,2916,5.67249489,36,152881,368.64,157529.61,144.2401,21.8
0.27957,0,9.69,0,0.585,5.926,42.6,2.3817,6,391,19.2,396.9,13.59,0.078159385,0,93.8961,0,0.342225,35.117476,1814.76,5.67249489,36,152881,368.64,157529.61,184.6881,24.5
0.17899,0,9.69,0,0.585,5.67,28.8,2.7986,6,391,19.2,393.29,17.6,0.03203742,0,93.8961,0,0.342225,32.1489,829.44,7.83216196,36,152881,368.64,154677.0241,309.76,23.1
0.2896,0,9.69,0,0.585,5.39,72.9,2.7986,6,391,19.2,396.9,21.14,0.08386816,0,93.8961,0,0.342225,29.0521,5314.41,7.83216196,36,152881,368.64,157529.61,446.8996,19.7
0.26838,0,9.69,0,0.585,5.794,70.6,2.8927,6,391,19.2,396.9,14.1,0.072027824,0,93.8961,0,0.342225,33.570436,4984.36,8.36771329,36,152881,368.64,157529.61,198.81,18.3
0.23912,0,9.69,0,0.585,6.019,65.3,2.4091,6,391,19.2,396.9,12.92,0.057178374,0,93.8961,0,0.342225,36.228361,4264.09,5.80376281,36,152881,368.64,157529.61,166.9264,21.2
0.17783,0,9.69,0,0.585,5.569,73.5,2.3999,6,391,19.2,395.77,15.1,0.031623509,0,93.8961,0,0.342225,31.013761,5402.25,5.75952001,36,152881,368.64,156633.8929,228.01,17.5
0.22438,0,9.69,0,0.585,6.027,79.7,2.4982,6,391,19.2,396.9,14.33,0.050346384,0,93.8961,0,0.342225,36.324729,6352.09,6.24100324,36,152881,368.64,157529.61,205.3489,16.8
0.06263,0,11.93,0,0.573,6.593,69.1,2.4786,1,273,21,391.99,9.67,0.003922517,0,142.3249,0,0.328329,43.467649,4774.81,6.14345796,1,74529,441,153656.1601,93.5089,22.4
0.04527,0,11.93,0,0.573,6.12,76.7,2.2875,1,273,21,396.9,9.08,0.002049373,0,142.3249,0,0.328329,37.4544,5882.89,5.23265625,1,74529,441,157529.61,82.4464,20.6
0.06076,0,11.93,0,0.573,6.976,91,2.1675,1,273,21,396.9,5.64,0.003691778,0,142.3249,0,0.328329,48.664576,8281,4.69805625,1,74529,441,157529.61,31.8096,23.9
0.10959,0,11.93,0,0.573,6.794,89.3,2.3889,1,273,21,393.45,6.48,0.012009968,0,142.3249,0,0.328329,46.158436,7974.49,5.70684321,1,74529,441,154802.9025,41.9904,22
0.04741,0,11.93,0,0.573,6.03,80.8,2.505,1,273,21,396.9,7.88,0.002247708,0,142.3249,0,0.328329,36.3609,6528.64,6.275025,1,74529,441,157529.61,62.0944,11.9
